Episode,Day,DayOfWeek,Weather,Event,StartingInventory,YesterdayPrice,CompetitorPresence,CompetitorPrice,UserPrice,CupsSold,Profit,Reward
1,1,Monday,Sunny,no,1500,4.5,0,0.0,4.0,131,393.0,34.65
1,2,Tuesday,Rainy,yes,1369,4.0,0,0.0,5.0,198,792.0,49.6
1,3,Wednesday,Rainy,no,1171,5.0,0,0.0,5.0,150,600.0,45.0
1,4,Thursday,Cloudy,no,1021,5.0,0,0.0,4.0,182,546.0,32.3
1,5,Friday,Rainy,yes,839,4.0,0,0.0,5.0,199,796.0,49.8
1,6,Saturday,Sunny,no,640,5.0,0,0.0,4.5,152,532.0,-212.4
1,7,Sunday,Sunny,yes,488,4.5,0,0.0,5.5,199,895.5,44.775
1,8,Monday,Cloudy,yes,1500,5.5,0,0.0,5.0,232,928.0,61.4
1,9,Tuesday,Cloudy,yes,1268,5.0,0,0.0,5.0,230,920.0,61.0
1,10,Wednesday,Sunny,no,1038,5.0,0,0.0,5.0,130,520.0,41.0
1,11,Thursday,Cloudy,yes,908,5.0,0,0.0,5.0,230,920.0,61.0
1,12,Friday,Rainy,yes,678,5.0,0,0.0,5.0,200,800.0,55.0
1,13,Saturday,Cloudy,yes,478,5.0,0,0.0,5.0,250,1000.0,-59.0
1,14,Sunday,Cloudy,yes,228,5.0,0,0.0,5.0,228,912.0,50.6
1,15,Monday,Sunny,no,1500,5.0,0,0.0,4.0,131,393.0,34.65
1,16,Tuesday,Rainy,yes,1369,4.0,0,0.0,5.0,198,792.0,49.6
1,17,Wednesday,Cloudy,no,1171,5.0,0,0.0,5.0,180,720.0,51.0
1,18,Thursday,Rainy,no,991,5.0,0,0.0,4.5,151,528.5,31.425
1,19,Friday,Rainy,no,840,4.5,0,0.0,4.5,150,525.0,41.25
1,20,Saturday,Rainy,yes,690,4.5,0,0.0,5.0,218,872.0,-192.4
1,21,Sunday,Rainy,yes,472,5.0,0,0.0,5.5,218,981.0,49.05
1,22,Monday,Cloudy,yes,1500,5.5,0,0.0,5.0,231,924.0,61.2
1,23,Tuesday,Sunny,no,1269,5.0,0,0.0,5.0,130,520.0,41.0
1,24,Wednesday,Cloudy,no,1139,5.0,0,0.0,5.0,180,720.0,51.0
1,25,Thursday,Cloudy,yes,959,5.0,0,0.0,5.0,230,920.0,61.0
1,26,Friday,Rainy,yes,729,5.0,0,0.0,5.0,200,800.0,55.0
1,27,Saturday,Cloudy,no,529,5.0,0,0.0,4.5,201,703.5,-123.825
1,28,Sunday,Cloudy,no,328,4.5,0,0.0,4.5,200,700.0,40.0
2,1,Monday,Cloudy,yes,1500,4.5,0,0.0,5.0,228,912.0,55.6
2,2,Tuesday,Rainy,yes,1272,5.0,0,0.0,5.0,200,800.0,55.0
2,3,Wednesday,Rainy,yes,1072,5.0,0,0.0,5.0,200,800.0,55.0
2,4,Thursday,Rainy,no,872,5.0,0,0.0,4.5,152,532.0,41.6
2,5,Friday,Rainy,no,720,4.5,0,0.0,5.0,149,596.0,39.8
2,6,Saturday,Cloudy,yes,571,5.0,0,0.0,5.0,250,1000.0,-105.5
2,7,Sunday,Sunny,no,321,5.0,0,0.0,4.5,152,532.0,31.6
2,8,Monday,Sunny,no,1500,4.5,0,0.0,4.0,131,393.0,34.65
2,9,Tuesday,Cloudy,yes,1369,4.0,0,0.0,5.0,229,916.0,55.8
2,10,Wednesday,Sunny,yes,1140,5.0,0,0.0,5.0,180,720.0,51.0
2,11,Thursday,Sunny,no,960,5.0,0,0.0,5.0,130,520.0,31.0
2,12,Friday,Sunny,no,830,5.0,0,0.0,4.5,132,462.0,38.1
2,13,Saturday,Rainy,yes,698,4.5,0,0.0,5.0,218,872.0,-196.4
2,14,Sunday,Sunny,no,480,5.0,0,0.0,4.5,152,532.0,31.6
2,15,Monday,Cloudy,no,1500,4.5,0,0.0,4.0,181,543.0,42.15
2,16,Tuesday,Sunny,yes,1319,4.0,0,0.0,5.0,178,712.0,45.6
2,17,Wednesday,Rainy,yes,1141,5.0,0,0.0,5.0,200,800.0,55.0
2,18,Thursday,Sunny,no,941,5.0,0,0.0,5.0,130,520.0,31.0
2,19,Friday,Cloudy,yes,811,5.0,0,0.0,5.0,230,920.0,61.0
2,20,Saturday,Rainy,yes,581,5.0,0,0.0,5.0,220,880.0,-131.5
2,21,Sunday,Cloudy,yes,361,5.0,0,0.0,5.5,249,1120.5,56.025
2,22,Monday,Rainy,no,1500,5.5,0,0.0,4.0,151,453.0,37.65
2,23,Tuesday,Sunny,yes,1349,4.0,0,0.0,5.0,178,712.0,45.6
2,24,Wednesday,Sunny,no,1171,5.0,0,0.0,5.0,130,520.0,41.0
2,25,Thursday,Cloudy,yes,1041,5.0,0,0.0,5.0,230,920.0,51.0
2,26,Friday,Sunny,yes,811,5.0,0,0.0,5.0,180,720.0,51.0
2,27,Saturday,Cloudy,no,631,5.0,0,0.0,4.5,201,703.5,-174.825
2,28,Sunday,Sunny,no,430,4.5,0,0.0,4.5,150,525.0,31.25
3,1,Monday,Sunny,no,1500,4.5,0,0.0,4.0,131,393.0,34.65
3,2,Tuesday,Sunny,yes,1369,4.0,0,0.0,5.0,178,712.0,45.6
3,3,Wednesday,Cloudy,no,1191,5.0,0,0.0,4.0,182,546.0,42.3
3,4,Thursday,Cloudy,yes,1009,4.0,0,0.0,5.0,229,916.0,55.8
3,5,Friday,Cloudy,no,780,5.0,0,0.0,4.5,181,633.5,46.675
3,6,Saturday,Rainy,no,599,4.5,0,0.0,4.5,170,595.0,-179.75
3,7,Sunday,Rainy,yes,429,4.5,0,0.0,5.5,219,985.5,49.275
3,8,Monday,Rainy,yes,1500,5.5,0,0.0,5.0,202,808.0,55.4
3,9,Tuesday,Sunny,no,1298,5.0,0,0.0,5.0,130,520.0,41.0
3,10,Wednesday,Cloudy,no,1168,5.0,0,0.0,5.0,180,720.0,51.0
3,11,Thursday,Sunny,yes,988,5.0,0,0.0,5.0,180,720.0,41.0
3,12,Friday,Cloudy,no,808,5.0,0,0.0,4.5,182,637.0,46.85
3,13,Saturday,Sunny,no,626,4.5,0,0.0,4.5,150,525.0,-206.75
3,14,Sunday,Rainy,yes,476,4.5,0,0.0,5.5,219,985.5,49.275
3,15,Monday,Rainy,no,1500,5.5,0,0.0,4.0,152,456.0,37.8
3,16,Tuesday,Sunny,no,1348,4.0,0,0.0,5.0,128,512.0,35.6
3,17,Wednesday,Sunny,no,1220,5.0,0,0.0,4.0,131,393.0,34.65
3,18,Thursday,Cloudy,no,1089,4.0,0,0.0,4.0,180,540.0,32.0
3,19,Friday,Sunny,yes,909,4.0,0,0.0,5.0,178,712.0,45.6
3,20,Saturday,Cloudy,yes,731,5.0,0,0.0,5.0,250,1000.0,-185.5
3,21,Sunday,Sunny,no,481,5.0,0,0.0,4.5,151,528.5,31.425
3,22,Monday,Cloudy,yes,1500,4.5,0,0.0,5.0,228,912.0,55.6
3,23,Tuesday,Rainy,no,1272,5.0,0,0.0,5.0,150,600.0,45.0
3,24,Wednesday,Cloudy,yes,1122,5.0,0,0.0,5.0,230,920.0,61.0
3,25,Thursday,Sunny,no,892,5.0,0,0.0,5.0,130,520.0,41.0
3,26,Friday,Cloudy,no,762,5.0,0,0.0,4.5,181,633.5,46.675
3,27,Saturday,Rainy,yes,581,4.5,0,0.0,4.5,220,770.0,-137.0
3,28,Sunday,Rainy,yes,361,4.5,0,0.0,5.5,219,985.5,49.275
4,1,Monday,Cloudy,yes,1500,4.5,0,0.0,5.0,229,916.0,55.8
4,2,Tuesday,Rainy,no,1271,5.0,0,0.0,5.0,150,600.0,45.0
4,3,Wednesday,Cloudy,no,1121,5.0,0,0.0,5.0,180,720.0,51.0
4,4,Thursday,Rainy,yes,941,5.0,0,0.0,5.0,200,800.0,55.0
4,5,Friday,Rainy,yes,741,5.0,0,0.0,5.0,200,800.0,55.0
4,6,Saturday,Rainy,no,541,5.0,0,0.0,4.5,172,602.0,-149.4
4,7,Sunday,Cloudy,no,369,4.5,0,0.0,4.5,200,700.0,40.0
4,8,Monday,Cloudy,yes,1500,4.5,0,0.0,5.0,228,912.0,55.6
4,9,Tuesday,Cloudy,yes,1272,5.0,0,0.0,5.0,230,920.0,61.0
4,10,Wednesday,Rainy,no,1042,5.0,0,0.0,5.0,150,600.0,45.0
4,11,Thursday,Sunny,no,892,5.0,0,0.0,5.0,130,520.0,41.0
4,12,Friday,Rainy,yes,762,5.0,0,0.0,5.0,200,800.0,55.0
4,13,Saturday,Cloudy,yes,562,5.0,0,0.0,5.0,250,1000.0,-101.0
4,14,Sunday,Sunny,no,312,5.0,0,0.0,4.5,152,532.0,31.6
4,15,Monday,Sunny,no,1500,4.5,0,0.0,4.0,131,393.0,34.65
4,16,Tuesday,Sunny,yes,1369,4.0,0,0.0,5.0,179,716.0,45.8
4,17,Wednesday,Cloudy,no,1190,5.0,0,0.0,4.0,181,543.0,42.15
4,18,Thursday,Rainy,no,1009,4.0,0,0.0,4.0,150,450.0,27.5
4,19,Friday,Cloudy,no,859,4.0,0,0.0,4.5,178,623.0,41.15
4,20,Saturday,Sunny,no,681,4.5,0,0.0,4.5,150,525.0,-234.25
4,21,Sunday,Sunny,yes,531,4.5,0,0.0,5.5,198,891.0,44.55
4,22,Monday,Cloudy,no,1500,5.5,0,0.0,4.0,181,543.0,42.15
4,23,Tuesday,Cloudy,yes,1319,4.0,0,0.0,5.0,229,916.0,55.8
4,24,Wednesday,Sunny,no,1090,5.0,0,0.0,5.0,130,520.0,41.0
4,25,Thursday,Sunny,no,960,5.0,0,0.0,5.0,130,520.0,31.0
4,26,Friday,Rainy,yes,830,5.0,0,0.0,5.0,200,800.0,55.0
4,27,Saturday,Sunny,yes,630,5.0,0,0.0,5.0,200,800.0,-170.0
4,28,Sunday,Rainy,yes,430,5.0,0,0.0,5.5,218,981.0,49.05
5,1,Monday,Sunny,yes,1500,4.5,0,0.0,5.0,178,712.0,45.6
5,2,Tuesday,Rainy,yes,1322,5.0,0,0.0,5.0,200,800.0,55.0
5,3,Wednesday,Rainy,yes,1122,5.0,0,0.0,5.0,200,800.0,55.0
5,4,Thursday,Cloudy,yes,922,5.0,0,0.0,5.0,230,920.0,61.0
5,5,Friday,Cloudy,no,692,5.0,0,0.0,5.0,180,720.0,51.0
5,6,Saturday,Rainy,yes,512,5.0,0,0.0,5.0,220,880.0,-97.0
5,7,Sunday,Rainy,no,292,5.0,0,0.0,5.0,170,680.0,39.0
5,8,Monday,Rainy,no,1500,5.0,0,0.0,4.0,152,456.0,37.8
5,9,Tuesday,Sunny,yes,1348,4.0,0,0.0,5.0,179,716.0,45.8
5,10,Wednesday,Rainy,no,1169,5.0,0,0.0,5.0,150,600.0,45.0
5,11,Thursday,Rainy,yes,1019,5.0,0,0.0,5.0,200,800.0,45.0
5,12,Friday,Sunny,no,819,5.0,0,0.0,4.5,131,458.5,37.925
5,13,Saturday,Cloudy,yes,688,4.5,0,0.0,5.0,248,992.0,-170.4
5,14,Sunday,Sunny,yes,440,5.0,0,0.0,5.5,199,895.5,44.775
5,15,Monday,Rainy,no,1500,5.5,0,0.0,4.0,152,456.0,37.8
5,16,Tuesday,Sunny,no,1348,4.0,0,0.0,5.0,129,516.0,35.8
5,17,Wednesday,Sunny,no,1219,5.0,0,0.0,4.0,131,393.0,34.65
5,18,Thursday,Sunny,no,1088,4.0,0,0.0,4.0,130,390.0,24.5
5,19,Friday,Rainy,no,958,4.0,0,0.0,4.5,148,518.0,25.9
5,20,Saturday,Cloudy,no,810,4.5,0,0.0,4.5,200,700.0,-265.0
5,21,Sunday,Cloudy,no,610,4.5,0,0.0,5.5,199,895.5,44.775
5,22,Monday,Rainy,no,1500,5.5,0,0.0,4.0,152,456.0,37.8
5,23,Tuesday,Cloudy,no,1348,4.0,0,0.0,5.0,179,716.0,45.8
5,24,Wednesday,Sunny,yes,1169,5.0,0,0.0,5.0,180,720.0,51.0
5,25,Thursday,Rainy,no,989,5.0,0,0.0,4.5,151,528.5,31.425
5,26,Friday,Rainy,yes,838,4.5,0,0.0,5.0,199,796.0,49.8
5,27,Saturday,Cloudy,no,639,5.0,0,0.0,4.5,202,707.0,-178.15
5,28,Sunday,Sunny,no,437,4.5,0,0.0,4.5,150,525.0,31.25
6,1,Monday,Sunny,yes,1500,4.5,0,0.0,5.0,178,712.0,45.6
6,2,Tuesday,Sunny,no,1322,5.0,0,0.0,5.0,130,520.0,41.0
6,3,Wednesday,Sunny,no,1192,5.0,0,0.0,4.0,132,396.0,34.8
6,4,Thursday,Cloudy,yes,1060,4.0,0,0.0,5.0,229,916.0,45.8
6,5,Friday,Cloudy,yes,831,5.0,0,0.0,5.0,230,920.0,61.0
6,6,Saturday,Cloudy,yes,601,5.0,0,0.0,5.0,250,1000.0,-120.5
6,7,Sunday,Cloudy,yes,351,5.0,0,0.0,5.5,248,1116.0,55.8
6,8,Monday,Cloudy,yes,1500,5.5,0,0.0,5.0,232,928.0,61.4
6,9,Tuesday,Cloudy,no,1268,5.0,0,0.0,5.0,180,720.0,51.0
6,10,Wednesday,Sunny,no,1088,5.0,0,0.0,5.0,130,520.0,41.0
6,11,Thursday,Sunny,no,958,5.0,0,0.0,5.0,130,520.0,31.0
6,12,Friday,Sunny,yes,828,5.0,0,0.0,5.0,180,720.0,51.0
6,13,Saturday,Sunny,yes,648,5.0,0,0.0,5.0,200,800.0,-179.0
6,14,Sunday,Rainy,yes,448,5.0,0,0.0,5.5,219,985.5,49.275
6,15,Monday,Cloudy,no,1500,5.5,0,0.0,4.0,182,546.0,42.3
6,16,Tuesday,Sunny,no,1318,4.0,0,0.0,5.0,128,512.0,35.6
6,17,Wednesday,Cloudy,yes,1190,5.0,0,0.0,5.0,230,920.0,61.0
6,18,Thursday,Rainy,no,960,5.0,0,0.0,4.5,151,528.5,31.425
6,19,Friday,Cloudy,no,809,4.5,0,0.0,4.5,180,630.0,46.5
6,20,Saturday,Sunny,no,629,4.5,0,0.0,4.5,150,525.0,-208.25
6,21,Sunday,Rainy,yes,479,4.5,0,0.0,5.5,218,981.0,49.05
6,22,Monday,Rainy,yes,1500,5.5,0,0.0,5.0,201,804.0,55.2
6,23,Tuesday,Sunny,no,1299,5.0,0,0.0,5.0,130,520.0,41.0
6,24,Wednesday,Rainy,no,1169,5.0,0,0.0,5.0,150,600.0,45.0
6,25,Thursday,Sunny,yes,1019,5.0,0,0.0,5.0,180,720.0,41.0
6,26,Friday,Rainy,no,839,5.0,0,0.0,4.5,151,528.5,41.425
6,27,Saturday,Sunny,no,688,4.5,0,0.0,4.5,150,525.0,-237.75
6,28,Sunday,Cloudy,no,538,4.5,0,0.0,4.5,200,700.0,40.0
7,1,Monday,Rainy,yes,1500,4.5,0,0.0,5.0,199,796.0,49.8
7,2,Tuesday,Sunny,no,1301,5.0,0,0.0,5.0,130,520.0,41.0
7,3,Wednesday,Rainy,no,1171,5.0,0,0.0,5.0,150,600.0,45.0
7,4,Thursday,Rainy,yes,1021,5.0,0,0.0,5.0,200,800.0,45.0
7,5,Friday,Rainy,no,821,5.0,0,0.0,4.5,151,528.5,41.425
7,6,Saturday,Rainy,no,670,4.5,0,0.0,4.5,170,595.0,-215.25
7,7,Sunday,Sunny,no,500,4.5,0,0.0,4.5,150,525.0,31.25
7,8,Monday,Sunny,yes,1500,4.5,0,0.0,5.0,179,716.0,45.8
7,9,Tuesday,Cloudy,yes,1321,5.0,0,0.0,5.0,230,920.0,61.0
7,10,Wednesday,Sunny,yes,1091,5.0,0,0.0,5.0,180,720.0,51.0
7,11,Thursday,Cloudy,no,911,5.0,0,0.0,4.5,181,633.5,46.675
7,12,Friday,Sunny,yes,730,4.5,0,0.0,5.0,179,716.0,45.8
7,13,Saturday,Cloudy,yes,551,5.0,0,0.0,5.0,250,1000.0,-95.5
7,14,Sunday,Cloudy,yes,301,5.0,0,0.0,5.0,250,1000.0,55.0
7,15,Monday,Rainy,yes,1500,5.0,0,0.0,5.0,200,800.0,55.0
7,16,Tuesday,Cloudy,no,1300,5.0,0,0.0,5.0,180,720.0,51.0
7,17,Wednesday,Rainy,yes,1120,5.0,0,0.0,5.0,200,800.0,55.0
7,18,Thursday,Rainy,no,920,5.0,0,0.0,4.5,152,532.0,41.6
7,19,Friday,Sunny,yes,768,4.5,0,0.0,5.0,178,712.0,45.6
7,20,Saturday,Sunny,yes,590,5.0,0,0.0,5.0,200,800.0,-150.0
7,21,Sunday,Cloudy,no,390,5.0,0,0.0,4.5,202,707.0,40.35
7,22,Monday,Rainy,yes,1500,4.5,0,0.0,5.0,199,796.0,49.8
7,23,Tuesday,Sunny,no,1301,5.0,0,0.0,5.0,130,520.0,41.0
7,24,Wednesday,Rainy,no,1171,5.0,0,0.0,5.0,150,600.0,45.0
7,25,Thursday,Rainy,yes,1021,5.0,0,0.0,5.0,200,800.0,45.0
7,26,Friday,Rainy,yes,821,5.0,0,0.0,5.0,200,800.0,55.0
7,27,Saturday,Cloudy,yes,621,5.0,0,0.0,5.0,250,1000.0,-130.5
7,28,Sunday,Cloudy,yes,371,5.0,0,0.0,5.5,248,1116.0,55.8
8,1,Monday,Sunny,no,1500,4.5,0,0.0,4.0,132,396.0,34.8
8,2,Tuesday,Rainy,yes,1368,4.0,0,0.0,5.0,198,792.0,49.6
8,3,Wednesday,Rainy,no,1170,5.0,0,0.0,5.0,150,600.0,45.0
8,4,Thursday,Rainy,no,1020,5.0,0,0.0,4.5,151,528.5,31.425
8,5,Friday,Rainy,no,869,4.5,0,0.0,4.5,150,525.0,41.25
8,6,Saturday,Cloudy,no,719,4.5,0,0.0,4.5,200,700.0,-219.5
8,7,Sunday,Rainy,no,519,4.5,0,0.0,4.5,170,595.0,34.75
8,8,Monday,Rainy,yes,1500,4.5,0,0.0,5.0,199,796.0,49.8
8,9,Tuesday,Sunny,yes,1301,5.0,0,0.0,5.0,180,720.0,51.0
8,10,Wednesday,Sunny,no,1121,5.0,0,0.0,5.0,130,520.0,41.0
8,11,Thursday,Rainy,yes,991,5.0,0,0.0,5.0,200,800.0,55.0
8,12,Friday,Rainy,yes,791,5.0,0,0.0,5.0,200,800.0,55.0
8,13,Saturday,Sunny,no,591,5.0,0,0.0,4.5,152,532.0,-187.9
8,14,Sunday,Rainy,no,439,4.5,0,0.0,4.5,170,595.0,34.75
8,15,Monday,Rainy,yes,1500,4.5,0,0.0,5.0,198,792.0,49.6
8,16,Tuesday,Rainy,no,1302,5.0,0,0.0,5.0,150,600.0,45.0
8,17,Wednesday,Rainy,no,1152,5.0,0,0.0,5.0,150,600.0,45.0
8,18,Thursday,Rainy,yes,1002,5.0,0,0.0,5.0,200,800.0,45.0
8,19,Friday,Sunny,no,802,5.0,0,0.0,4.5,132,462.0,38.1
8,20,Saturday,Rainy,no,670,4.5,0,0.0,4.5,170,595.0,-215.25
8,21,Sunday,Cloudy,yes,500,4.5,0,0.0,5.5,249,1120.5,56.025
8,22,Monday,Cloudy,no,1500,5.5,0,0.0,4.0,182,546.0,42.3
8,23,Tuesday,Rainy,no,1318,4.0,0,0.0,5.0,149,596.0,39.8
8,24,Wednesday,Sunny,no,1169,5.0,0,0.0,5.0,130,520.0,41.0
8,25,Thursday,Sunny,yes,1039,5.0,0,0.0,5.0,180,720.0,41.0
8,26,Friday,Rainy,no,859,5.0,0,0.0,4.5,151,528.5,41.425
8,27,Saturday,Sunny,no,708,4.5,0,0.0,4.5,150,525.0,-247.75
8,28,Sunday,Sunny,no,558,4.5,0,0.0,5.5,149,670.5,33.525
9,1,Monday,Cloudy,no,1500,4.5,0,0.0,4.0,182,546.0,42.3
9,2,Tuesday,Sunny,no,1318,4.0,0,0.0,5.0,129,516.0,35.8
9,3,Wednesday,Sunny,yes,1189,5.0,0,0.0,5.0,180,720.0,51.0
9,4,Thursday,Sunny,no,1009,5.0,0,0.0,4.0,131,393.0,24.65
9,5,Friday,Rainy,no,878,4.0,0,0.0,4.5,148,518.0,35.9
9,6,Saturday,Cloudy,yes,730,4.5,0,0.0,5.0,249,996.0,-190.7
9,7,Sunday,Sunny,yes,481,5.0,0,0.0,5.5,199,895.5,44.775
9,8,Monday,Rainy,yes,1500,5.5,0,0.0,5.0,202,808.0,55.4
9,9,Tuesday,Sunny,no,1298,5.0,0,0.0,5.0,130,520.0,41.0
9,10,Wednesday,Sunny,yes,1168,5.0,0,0.0,5.0,180,720.0,51.0
9,11,Thursday,Sunny,no,988,5.0,0,0.0,4.0,131,393.0,24.65
9,12,Friday,Cloudy,no,857,4.0,0,0.0,4.5,179,626.5,41.325
9,13,Saturday,Rainy,no,678,4.5,0,0.0,4.5,170,595.0,-219.25
9,14,Sunday,Rainy,no,508,4.5,0,0.0,4.5,170,595.0,34.75
9,15,Monday,Sunny,no,1500,4.5,0,0.0,4.0,131,393.0,34.65
9,16,Tuesday,Cloudy,no,1369,4.0,0,0.0,5.0,179,716.0,45.8
9,17,Wednesday,Rainy,no,1190,5.0,0,0.0,4.0,151,453.0,37.65
9,18,Thursday,Sunny,no,1039,4.0,0,0.0,4.0,130,390.0,24.5
9,19,Friday,Rainy,no,909,4.0,0,0.0,4.5,148,518.0,35.9
9,20,Saturday,Sunny,no,761,4.5,0,0.0,4.5,150,525.0,-274.25
9,21,Sunday,Rainy,yes,611,4.5,0,0.0,5.5,218,981.0,49.05
9,22,Monday,Rainy,no,1500,5.5,0,0.0,4.0,152,456.0,37.8
9,23,Tuesday,Cloudy,yes,1348,4.0,0,0.0,5.0,229,916.0,55.8
9,24,Wednesday,Sunny,yes,1119,5.0,0,0.0,5.0,180,720.0,51.0
9,25,Thursday,Sunny,no,939,5.0,0,0.0,5.0,130,520.0,31.0
9,26,Friday,Rainy,no,809,5.0,0,0.0,4.5,152,532.0,41.6
9,27,Saturday,Rainy,yes,657,4.5,0,0.0,5.0,218,872.0,-175.9
9,28,Sunday,Cloudy,no,439,5.0,0,0.0,4.5,202,707.0,40.35
10,1,Monday,Rainy,no,1500,4.5,0,0.0,4.0,152,456.0,37.8
10,2,Tuesday,Sunny,no,1348,4.0,0,0.0,5.0,128,512.0,35.6
10,3,Wednesday,Cloudy,yes,1220,5.0,0,0.0,5.0,230,920.0,61.0
10,4,Thursday,Sunny,no,990,5.0,0,0.0,4.0,132,396.0,24.8
10,5,Friday,Sunny,no,858,4.0,0,0.0,4.5,129,451.5,32.575
10,6,Saturday,Sunny,no,729,4.5,0,0.0,4.5,150,525.0,-258.25
10,7,Sunday,Rainy,yes,579,4.5,0,0.0,5.5,219,985.5,49.275
10,8,Monday,Sunny,yes,1500,5.5,0,0.0,5.0,182,728.0,51.4
10,9,Tuesday,Cloudy,yes,1318,5.0,0,0.0,5.0,230,920.0,61.0
10,10,Wednesday,Rainy,yes,1088,5.0,0,0.0,5.0,200,800.0,55.0
10,11,Thursday,Sunny,yes,888,5.0,0,0.0,5.0,180,720.0,51.0
10,12,Friday,Rainy,no,708,5.0,0,0.0,5.0,150,600.0,45.0
10,13,Saturday,Rainy,yes,558,5.0,0,0.0,5.0,220,880.0,-120.0
10,14,Sunday,Cloudy,no,338,5.0,0,0.0,4.5,201,703.5,40.175
10,15,Monday,Sunny,yes,1500,4.5,0,0.0,5.0,178,712.0,45.6
10,16,Tuesday,Cloudy,yes,1322,5.0,0,0.0,5.0,230,920.0,61.0
10,17,Wednesday,Sunny,yes,1092,5.0,0,0.0,5.0,180,720.0,51.0
10,18,Thursday,Sunny,no,912,5.0,0,0.0,5.0,130,520.0,41.0
10,19,Friday,Cloudy,no,782,5.0,0,0.0,4.5,181,633.5,46.675
10,20,Saturday,Rainy,yes,601,4.5,0,0.0,5.0,218,872.0,-147.9
10,21,Sunday,Cloudy,no,383,5.0,0,0.0,4.5,202,707.0,40.35
10,22,Monday,Sunny,no,1500,4.5,0,0.0,4.0,132,396.0,34.8
10,23,Tuesday,Sunny,no,1368,4.0,0,0.0,5.0,129,516.0,35.8
10,24,Wednesday,Rainy,yes,1239,5.0,0,0.0,5.0,200,800.0,55.0
10,25,Thursday,Rainy,no,1039,5.0,0,0.0,4.5,152,532.0,31.6
10,26,Friday,Sunny,no,887,4.5,0,0.0,4.5,130,455.0,37.75
10,27,Saturday,Cloudy,no,757,4.5,0,0.0,4.5,200,700.0,-238.5
10,28,Sunday,Cloudy,no,557,4.5,0,0.0,5.5,199,895.5,44.775
11,1,Monday,Cloudy,yes,1500,4.5,0,0.0,5.0,228,912.0,55.6
11,2,Tuesday,Sunny,no,1272,5.0,0,0.0,5.0,130,520.0,41.0
11,3,Wednesday,Rainy,no,1142,5.0,0,0.0,5.0,150,600.0,45.0
11,4,Thursday,Rainy,yes,992,5.0,0,0.0,5.0,200,800.0,55.0
11,5,Friday,Cloudy,no,792,5.0,0,0.0,4.5,181,633.5,46.675
11,6,Saturday,Cloudy,yes,611,4.5,0,0.0,5.0,248,992.0,-131.9
11,7,Sunday,Sunny,yes,363,5.0,0,0.0,5.5,198,891.0,44.55
11,8,Monday,Cloudy,no,1500,5.5,0,0.0,4.0,182,546.0,42.3
11,9,Tuesday,Cloudy,no,1318,4.0,0,0.0,5.0,179,716.0,45.8
11,10,Wednesday,Cloudy,no,1139,5.0,0,0.0,5.0,180,720.0,51.0
11,11,Thursday,Sunny,yes,959,5.0,0,0.0,5.0,180,720.0,51.0
11,12,Friday,Sunny,yes,779,5.0,0,0.0,5.0,180,720.0,51.0
11,13,Saturday,Sunny,no,599,5.0,0,0.0,5.0,150,600.0,-189.5
11,14,Sunday,Sunny,no,449,5.0,0,0.0,4.5,151,528.5,31.425
11,15,Monday,Sunny,no,1500,4.5,0,0.0,4.0,132,396.0,34.8
11,16,Tuesday,Cloudy,no,1368,4.0,0,0.0,5.0,179,716.0,45.8
11,17,Wednesday,Rainy,yes,1189,5.0,0,0.0,5.0,200,800.0,55.0
11,18,Thursday,Sunny,yes,989,5.0,0,0.0,5.0,180,720.0,41.0
11,19,Friday,Cloudy,no,809,5.0,0,0.0,4.5,181,633.5,46.675
11,20,Saturday,Rainy,yes,628,4.5,0,0.0,5.0,218,872.0,-161.4
11,21,Sunday,Cloudy,yes,410,5.0,0,0.0,5.5,248,1116.0,55.8
11,22,Monday,Sunny,no,1500,5.5,0,0.0,4.0,131,393.0,34.65
11,23,Tuesday,Sunny,yes,1369,4.0,0,0.0,5.0,179,716.0,45.8
11,24,Wednesday,Rainy,yes,1190,5.0,0,0.0,5.0,200,800.0,55.0
11,25,Thursday,Sunny,yes,990,5.0,0,0.0,5.0,180,720.0,41.0
11,26,Friday,Sunny,no,810,5.0,0,0.0,4.5,131,458.5,37.925
11,27,Saturday,Sunny,yes,679,4.5,0,0.0,5.0,198,792.0,-200.9
11,28,Sunday,Sunny,no,481,5.0,0,0.0,4.5,151,528.5,31.425
12,1,Monday,Sunny,yes,1500,4.5,0,0.0,5.0,178,712.0,45.6
12,2,Tuesday,Rainy,no,1322,5.0,0,0.0,5.0,150,600.0,45.0
12,3,Wednesday,Sunny,no,1172,5.0,0,0.0,5.0,130,520.0,41.0
12,4,Thursday,Sunny,no,1042,5.0,0,0.0,4.0,132,396.0,24.8
12,5,Friday,Rainy,no,910,4.0,0,0.0,4.5,148,518.0,35.9
12,6,Saturday,Cloudy,no,762,4.5,0,0.0,4.5,200,700.0,-241.0
12,7,Sunday,Cloudy,yes,562,4.5,0,0.0,4.5,250,875.0,48.75
12,8,Monday,Rainy,yes,1500,4.5,0,0.0,5.0,198,792.0,49.6
12,9,Tuesday,Sunny,no,1302,5.0,0,0.0,5.0,130,520.0,41.0
12,10,Wednesday,Sunny,yes,1172,5.0,0,0.0,5.0,180,720.0,51.0
12,11,Thursday,Rainy,no,992,5.0,0,0.0,4.5,152,532.0,31.6
12,12,Friday,Cloudy,no,840,4.5,0,0.0,4.5,180,630.0,46.5
12,13,Saturday,Rainy,no,660,4.5,0,0.0,4.5,170,595.0,-210.25
12,14,Sunday,Rainy,no,490,4.5,0,0.0,4.5,170,595.0,34.75
12,15,Monday,Sunny,yes,1500,4.5,0,0.0,5.0,179,716.0,45.8
12,16,Tuesday,Rainy,yes,1321,5.0,0,0.0,5.0,200,800.0,55.0
12,17,Wednesday,Rainy,yes,1121,5.0,0,0.0,5.0,200,800.0,55.0
12,18,Thursday,Sunny,no,921,5.0,0,0.0,5.0,130,520.0,41.0
12,19,Friday,Rainy,yes,791,5.0,0,0.0,5.0,200,800.0,55.0
12,20,Saturday,Rainy,yes,591,5.0,0,0.0,5.0,220,880.0,-136.5
12,21,Sunday,Cloudy,no,371,5.0,0,0.0,4.5,202,707.0,40.35
12,22,Monday,Cloudy,yes,1500,4.5,0,0.0,5.0,228,912.0,55.6
12,23,Tuesday,Rainy,no,1272,5.0,0,0.0,5.0,150,600.0,45.0
12,24,Wednesday,Cloudy,yes,1122,5.0,0,0.0,5.0,230,920.0,61.0
12,25,Thursday,Rainy,yes,892,5.0,0,0.0,5.0,200,800.0,55.0
12,26,Friday,Rainy,yes,692,5.0,0,0.0,5.0,200,800.0,55.0
12,27,Saturday,Rainy,no,492,5.0,0,0.0,5.0,170,680.0,-122.0
12,28,Sunday,Sunny,no,322,5.0,0,0.0,4.5,151,528.5,31.425
13,1,Monday,Cloudy,no,1500,4.5,0,0.0,4.0,181,543.0,42.15
13,2,Tuesday,Rainy,no,1319,4.0,0,0.0,5.0,148,592.0,39.6
13,3,Wednesday,Sunny,no,1171,5.0,0,0.0,5.0,130,520.0,41.0
13,4,Thursday,Cloudy,no,1041,5.0,0,0.0,4.0,182,546.0,32.3
13,5,Friday,Cloudy,yes,859,4.0,0,0.0,5.0,229,916.0,55.8
13,6,Saturday,Rainy,yes,630,5.0,0,0.0,5.0,220,880.0,-156.0
13,7,Sunday,Rainy,yes,410,5.0,0,0.0,5.5,219,985.5,49.275
13,8,Monday,Rainy,yes,1500,5.5,0,0.0,5.0,201,804.0,55.2
13,9,Tuesday,Cloudy,no,1299,5.0,0,0.0,5.0,180,720.0,51.0
13,10,Wednesday,Sunny,yes,1119,5.0,0,0.0,5.0,180,720.0,51.0
13,11,Thursday,Cloudy,yes,939,5.0,0,0.0,5.0,230,920.0,61.0
13,12,Friday,Sunny,yes,709,5.0,0,0.0,5.0,180,720.0,51.0
13,13,Saturday,Cloudy,no,529,5.0,0,0.0,4.5,201,703.5,-123.825
13,14,Sunday,Sunny,yes,328,4.5,0,0.0,5.0,198,792.0,39.6
13,15,Monday,Cloudy,no,1500,5.0,0,0.0,4.0,181,543.0,42.15
13,16,Tuesday,Sunny,no,1319,4.0,0,0.0,5.0,129,516.0,35.8
13,17,Wednesday,Cloudy,no,1190,5.0,0,0.0,4.0,181,543.0,42.15
13,18,Thursday,Cloudy,no,1009,4.0,0,0.0,4.0,180,540.0,32.0
13,19,Friday,Sunny,no,829,4.0,0,0.0,4.5,128,448.0,32.4
13,20,Saturday,Cloudy,no,701,4.5,0,0.0,4.5,200,700.0,-210.5
13,21,Sunday,Sunny,yes,501,4.5,0,0.0,5.5,198,891.0,44.55
13,22,Monday,Cloudy,yes,1500,5.5,0,0.0,5.0,232,928.0,61.4
13,23,Tuesday,Rainy,no,1268,5.0,0,0.0,5.0,150,600.0,45.0
13,24,Wednesday,Cloudy,no,1118,5.0,0,0.0,5.0,180,720.0,51.0
13,25,Thursday,Rainy,yes,938,5.0,0,0.0,5.0,200,800.0,55.0
13,26,Friday,Sunny,no,738,5.0,0,0.0,4.5,132,462.0,38.1
13,27,Saturday,Cloudy,yes,606,4.5,0,0.0,5.0,249,996.0,-128.7
13,28,Sunday,Sunny,no,357,5.0,0,0.0,4.5,151,528.5,31.425
14,1,Monday,Rainy,no,1500,4.5,0,0.0,4.0,152,456.0,37.8
14,2,Tuesday,Cloudy,yes,1348,4.0,0,0.0,5.0,228,912.0,55.6
14,3,Wednesday,Rainy,yes,1120,5.0,0,0.0,5.0,200,800.0,55.0
14,4,Thursday,Rainy,no,920,5.0,0,0.0,4.5,152,532.0,41.6
14,5,Friday,Rainy,yes,768,4.5,0,0.0,5.0,199,796.0,49.8
14,6,Saturday,Rainy,no,569,5.0,0,0.0,4.5,172,602.0,-163.4
14,7,Sunday,Rainy,no,397,4.5,0,0.0,4.5,170,595.0,34.75
14,8,Monday,Cloudy,no,1500,4.5,0,0.0,4.0,181,543.0,42.15
14,9,Tuesday,Cloudy,no,1319,4.0,0,0.0,5.0,178,712.0,45.6
14,10,Wednesday,Rainy,yes,1141,5.0,0,0.0,5.0,200,800.0,55.0
14,11,Thursday,Rainy,no,941,5.0,0,0.0,4.5,151,528.5,41.425
14,12,Friday,Cloudy,no,790,4.5,0,0.0,4.5,180,630.0,46.5
14,13,Saturday,Rainy,yes,610,4.5,0,0.0,5.0,218,872.0,-152.4
14,14,Sunday,Cloudy,no,392,5.0,0,0.0,4.5,202,707.0,40.35
14,15,Monday,Sunny,yes,1500,4.5,0,0.0,5.0,179,716.0,45.8
14,16,Tuesday,Sunny,no,1321,5.0,0,0.0,5.0,130,520.0,41.0
14,17,Wednesday,Cloudy,yes,1191,5.0,0,0.0,5.0,230,920.0,61.0
14,18,Thursday,Sunny,yes,961,5.0,0,0.0,5.0,180,720.0,51.0
14,19,Friday,Sunny,yes,781,5.0,0,0.0,5.0,180,720.0,51.0
14,20,Saturday,Sunny,yes,601,5.0,0,0.0,5.0,200,800.0,-155.5
14,21,Sunday,Sunny,yes,401,5.0,0,0.0,5.5,198,891.0,44.55
14,22,Monday,Cloudy,no,1500,5.5,0,0.0,4.0,181,543.0,42.15
14,23,Tuesday,Rainy,no,1319,4.0,0,0.0,5.0,149,596.0,39.8
14,24,Wednesday,Rainy,no,1170,5.0,0,0.0,5.0,150,600.0,45.0
14,25,Thursday,Sunny,yes,1020,5.0,0,0.0,5.0,180,720.0,41.0
14,26,Friday,Rainy,yes,840,5.0,0,0.0,5.0,200,800.0,55.0
14,27,Saturday,Sunny,yes,640,5.0,0,0.0,5.0,200,800.0,-175.0
14,28,Sunday,Rainy,yes,440,5.0,0,0.0,5.5,218,981.0,49.05
15,1,Monday,Rainy,yes,1500,4.5,0,0.0,5.0,198,792.0,49.6
15,2,Tuesday,Sunny,no,1302,5.0,0,0.0,5.0,130,520.0,41.0
15,3,Wednesday,Rainy,no,1172,5.0,0,0.0,5.0,150,600.0,45.0
15,4,Thursday,Rainy,yes,1022,5.0,0,0.0,5.0,200,800.0,45.0
15,5,Friday,Cloudy,no,822,5.0,0,0.0,4.5,181,633.5,46.675
15,6,Saturday,Sunny,no,641,4.5,0,0.0,4.5,150,525.0,-214.25
15,7,Sunday,Sunny,yes,491,4.5,0,0.0,5.5,199,895.5,44.775
15,8,Monday,Rainy,yes,1500,5.5,0,0.0,5.0,202,808.0,55.4
15,9,Tuesday,Rainy,yes,1298,5.0,0,0.0,5.0,200,800.0,55.0
15,10,Wednesday,Cloudy,yes,1098,5.0,0,0.0,5.0,230,920.0,61.0
15,11,Thursday,Sunny,no,868,5.0,0,0.0,5.0,130,520.0,41.0
15,12,Friday,Rainy,yes,738,5.0,0,0.0,5.0,200,800.0,55.0
15,13,Saturday,Sunny,yes,538,5.0,0,0.0,5.0,200,800.0,-124.0
15,14,Sunday,Cloudy,yes,338,5.0,0,0.0,5.0,250,1000.0,55.0
15,15,Monday,Rainy,no,1500,5.0,0,0.0,4.0,152,456.0,37.8
15,16,Tuesday,Cloudy,no,1348,4.0,0,0.0,5.0,179,716.0,45.8
15,17,Wednesday,Rainy,no,1169,5.0,0,0.0,5.0,150,600.0,45.0
15,18,Thursday,Rainy,no,1019,5.0,0,0.0,4.5,152,532.0,31.6
15,19,Friday,Sunny,no,867,4.5,0,0.0,4.5,130,455.0,37.75
15,20,Saturday,Sunny,no,737,4.5,0,0.0,4.5,150,525.0,-262.25
15,21,Sunday,Cloudy,no,587,4.5,0,0.0,5.5,198,891.0,44.55
15,22,Monday,Rainy,yes,1500,5.5,0,0.0,5.0,201,804.0,55.2
15,23,Tuesday,Rainy,yes,1299,5.0,0,0.0,5.0,200,800.0,55.0
15,24,Wednesday,Sunny,yes,1099,5.0,0,0.0,5.0,180,720.0,51.0
15,25,Thursday,Rainy,yes,919,5.0,0,0.0,5.0,200,800.0,55.0
15,26,Friday,Sunny,yes,719,5.0,0,0.0,5.0,180,720.0,51.0
15,27,Saturday,Sunny,yes,539,5.0,0,0.0,5.0,200,800.0,-124.5
15,28,Sunday,Sunny,no,339,5.0,0,0.0,4.5,152,532.0,31.6
16,1,Monday,Cloudy,yes,1500,4.5,0,0.0,5.0,229,916.0,55.8
16,2,Tuesday,Sunny,yes,1271,5.0,0,0.0,5.0,180,720.0,51.0
16,3,Wednesday,Sunny,no,1091,5.0,0,0.0,5.0,130,520.0,41.0
16,4,Thursday,Sunny,yes,961,5.0,0,0.0,5.0,180,720.0,51.0
16,5,Friday,Sunny,no,781,5.0,0,0.0,4.5,132,462.0,38.1
16,6,Saturday,Sunny,yes,649,4.5,0,0.0,5.0,199,796.0,-185.2
16,7,Sunday,Rainy,no,450,5.0,0,0.0,4.5,172,602.0,35.1
16,8,Monday,Rainy,yes,1500,4.5,0,0.0,5.0,199,796.0,49.8
16,9,Tuesday,Rainy,no,1301,5.0,0,0.0,5.0,150,600.0,45.0
16,10,Wednesday,Rainy,yes,1151,5.0,0,0.0,5.0,200,800.0,55.0
16,11,Thursday,Cloudy,no,951,5.0,0,0.0,4.5,182,637.0,46.85
16,12,Friday,Cloudy,yes,769,4.5,0,0.0,5.0,228,912.0,55.6
16,13,Saturday,Rainy,yes,541,5.0,0,0.0,5.0,220,880.0,-111.5
16,14,Sunday,Rainy,yes,321,5.0,0,0.0,5.0,220,880.0,49.0
16,15,Monday,Cloudy,yes,1500,5.0,0,0.0,5.0,230,920.0,61.0
16,16,Tuesday,Rainy,no,1270,5.0,0,0.0,5.0,150,600.0,45.0
16,17,Wednesday,Rainy,yes,1120,5.0,0,0.0,5.0,200,800.0,55.0
16,18,Thursday,Sunny,yes,920,5.0,0,0.0,5.0,180,720.0,51.0
16,19,Friday,Rainy,no,740,5.0,0,0.0,5.0,150,600.0,45.0
16,20,Saturday,Sunny,yes,590,5.0,0,0.0,5.0,200,800.0,-150.0
16,21,Sunday,Rainy,yes,390,5.0,0,0.0,5.5,219,985.5,49.275
16,22,Monday,Sunny,no,1500,5.5,0,0.0,4.0,131,393.0,34.65
16,23,Tuesday,Cloudy,no,1369,4.0,0,0.0,5.0,179,716.0,45.8
16,24,Wednesday,Cloudy,yes,1190,5.0,0,0.0,5.0,230,920.0,61.0
16,25,Thursday,Sunny,no,960,5.0,0,0.0,5.0,130,520.0,31.0
16,26,Friday,Cloudy,no,830,5.0,0,0.0,4.5,182,637.0,46.85
16,27,Saturday,Sunny,no,648,4.5,0,0.0,4.5,150,525.0,-217.75
16,28,Sunday,Cloudy,no,498,4.5,0,0.0,4.5,200,700.0,40.0
17,1,Monday,Cloudy,yes,1500,4.5,0,0.0,5.0,229,916.0,55.8
17,2,Tuesday,Cloudy,no,1271,5.0,0,0.0,5.0,180,720.0,51.0
17,3,Wednesday,Rainy,no,1091,5.0,0,0.0,5.0,150,600.0,45.0
17,4,Thursday,Sunny,yes,941,5.0,0,0.0,5.0,180,720.0,51.0
17,5,Friday,Rainy,no,761,5.0,0,0.0,4.5,152,532.0,41.6
17,6,Saturday,Sunny,no,609,4.5,0,0.0,5.0,148,592.0,-200.9
17,7,Sunday,Sunny,no,461,5.0,0,0.0,4.5,151,528.5,31.425
17,8,Monday,Cloudy,no,1500,4.5,0,0.0,4.0,182,546.0,42.3
17,9,Tuesday,Sunny,yes,1318,4.0,0,0.0,5.0,178,712.0,45.6
17,10,Wednesday,Sunny,yes,1140,5.0,0,0.0,5.0,180,720.0,51.0
17,11,Thursday,Cloudy,yes,960,5.0,0,0.0,5.0,230,920.0,61.0
17,12,Friday,Cloudy,no,730,5.0,0,0.0,5.0,180,720.0,51.0
17,13,Saturday,Cloudy,no,550,5.0,0,0.0,4.5,201,703.5,-134.325
17,14,Sunday,Cloudy,no,349,4.5,0,0.0,4.5,200,700.0,40.0
17,15,Monday,Sunny,no,1500,4.5,0,0.0,4.0,131,393.0,34.65
17,16,Tuesday,Sunny,no,1369,4.0,0,0.0,5.0,128,512.0,35.6
17,17,Wednesday,Sunny,yes,1241,5.0,0,0.0,5.0,180,720.0,51.0
17,18,Thursday,Cloudy,yes,1061,5.0,0,0.0,5.0,230,920.0,51.0
17,19,Friday,Rainy,no,831,5.0,0,0.0,4.5,151,528.5,41.425
17,20,Saturday,Cloudy,yes,680,4.5,0,0.0,5.0,248,992.0,-166.4
17,21,Sunday,Rainy,no,432,5.0,0,0.0,4.5,171,598.5,34.925
17,22,Monday,Rainy,yes,1500,4.5,0,0.0,5.0,199,796.0,49.8
17,23,Tuesday,Sunny,yes,1301,5.0,0,0.0,5.0,180,720.0,51.0
17,24,Wednesday,Sunny,yes,1121,5.0,0,0.0,5.0,180,720.0,51.0
17,25,Thursday,Sunny,yes,941,5.0,0,0.0,5.0,180,720.0,51.0
17,26,Friday,Sunny,no,761,5.0,0,0.0,4.5,132,462.0,38.1
17,27,Saturday,Rainy,yes,629,4.5,0,0.0,5.0,219,876.0,-161.2
17,28,Sunday,Sunny,no,410,5.0,0,0.0,4.5,151,528.5,31.425
18,1,Monday,Sunny,yes,1500,4.5,0,0.0,5.0,179,716.0,45.8
18,2,Tuesday,Cloudy,yes,1321,5.0,0,0.0,5.0,230,920.0,61.0
18,3,Wednesday,Sunny,yes,1091,5.0,0,0.0,5.0,180,720.0,51.0
18,4,Thursday,Sunny,no,911,5.0,0,0.0,5.0,130,520.0,41.0
18,5,Friday,Sunny,no,781,5.0,0,0.0,4.5,131,458.5,37.925
18,6,Saturday,Cloudy,yes,650,4.5,0,0.0,5.0,248,992.0,-151.4
18,7,Sunday,Cloudy,yes,402,5.0,0,0.0,5.5,249,1120.5,56.025
18,8,Monday,Rainy,no,1500,5.5,0,0.0,4.0,151,453.0,37.65
18,9,Tuesday,Sunny,yes,1349,4.0,0,0.0,5.0,179,716.0,45.8
18,10,Wednesday,Sunny,yes,1170,5.0,0,0.0,5.0,180,720.0,51.0
18,11,Thursday,Sunny,no,990,5.0,0,0.0,4.0,131,393.0,24.65
18,12,Friday,Sunny,no,859,4.0,0,0.0,4.5,128,448.0,32.4
18,13,Saturday,Rainy,no,731,4.5,0,0.0,4.5,170,595.0,-245.75
18,14,Sunday,Cloudy,no,561,4.5,0,0.0,5.5,199,895.5,44.775
18,15,Monday,Cloudy,yes,1500,5.5,0,0.0,5.0,231,924.0,61.2
18,16,Tuesday,Sunny,yes,1269,5.0,0,0.0,5.0,180,720.0,51.0
18,17,Wednesday,Cloudy,yes,1089,5.0,0,0.0,5.0,230,920.0,61.0
18,18,Thursday,Rainy,yes,859,5.0,0,0.0,5.0,200,800.0,55.0
18,19,Friday,Rainy,no,659,5.0,0,0.0,5.0,150,600.0,45.0
18,20,Saturday,Cloudy,yes,509,5.0,0,0.0,5.0,250,1000.0,-74.5
18,21,Sunday,Cloudy,yes,259,5.0,0,0.0,5.5,248,1116.0,55.8
18,22,Monday,Cloudy,no,1500,5.5,0,0.0,4.0,181,543.0,42.15
18,23,Tuesday,Sunny,no,1319,4.0,0,0.0,5.0,129,516.0,35.8
18,24,Wednesday,Cloudy,no,1190,5.0,0,0.0,4.0,182,546.0,42.3
18,25,Thursday,Sunny,yes,1008,4.0,0,0.0,5.0,178,712.0,35.6
18,26,Friday,Cloudy,no,830,5.0,0,0.0,4.5,181,633.5,46.675
18,27,Saturday,Cloudy,no,649,4.5,0,0.0,4.5,200,700.0,-184.5
18,28,Sunday,Sunny,yes,449,4.5,0,0.0,5.5,198,891.0,44.55
19,1,Monday,Rainy,yes,1500,4.5,0,0.0,5.0,199,796.0,49.8
19,2,Tuesday,Cloudy,no,1301,5.0,0,0.0,5.0,180,720.0,51.0
19,3,Wednesday,Sunny,yes,1121,5.0,0,0.0,5.0,180,720.0,51.0
19,4,Thursday,Cloudy,yes,941,5.0,0,0.0,5.0,230,920.0,61.0
19,5,Friday,Rainy,no,711,5.0,0,0.0,5.0,150,600.0,45.0
19,6,Saturday,Rainy,no,561,5.0,0,0.0,4.5,171,598.5,-160.075
19,7,Sunday,Rainy,yes,390,4.5,0,0.0,5.5,218,981.0,49.05
19,8,Monday,Rainy,yes,1500,5.5,0,0.0,5.0,201,804.0,55.2
19,9,Tuesday,Cloudy,no,1299,5.0,0,0.0,5.0,180,720.0,51.0
19,10,Wednesday,Cloudy,no,1119,5.0,0,0.0,5.0,180,720.0,51.0
19,11,Thursday,Rainy,no,939,5.0,0,0.0,4.5,151,528.5,41.425
19,12,Friday,Rainy,no,788,4.5,0,0.0,4.5,150,525.0,41.25
19,13,Saturday,Sunny,no,638,4.5,0,0.0,4.5,150,525.0,-212.75
19,14,Sunday,Cloudy,no,488,4.5,0,0.0,4.5,200,700.0,40.0
19,15,Monday,Rainy,no,1500,4.5,0,0.0,4.0,151,453.0,37.65
19,16,Tuesday,Rainy,no,1349,4.0,0,0.0,5.0,149,596.0,39.8
19,17,Wednesday,Rainy,yes,1200,5.0,0,0.0,5.0,200,800.0,55.0
19,18,Thursday,Rainy,no,1000,5.0,0,0.0,4.5,152,532.0,31.6
19,19,Friday,Rainy,no,848,4.5,0,0.0,4.5,150,525.0,41.25
19,20,Saturday,Rainy,yes,698,4.5,0,0.0,5.0,219,876.0,-195.7
19,21,Sunday,Rainy,yes,479,5.0,0,0.0,5.5,219,985.5,49.275
19,22,Monday,Sunny,yes,1500,5.5,0,0.0,5.0,181,724.0,51.2
19,23,Tuesday,Rainy,no,1319,5.0,0,0.0,5.0,150,600.0,45.0
19,24,Wednesday,Sunny,no,1169,5.0,0,0.0,5.0,130,520.0,41.0
19,25,Thursday,Cloudy,no,1039,5.0,0,0.0,4.0,181,543.0,32.15
19,26,Friday,Rainy,yes,858,4.0,0,0.0,5.0,198,792.0,49.6
19,27,Saturday,Sunny,yes,660,5.0,0,0.0,5.0,200,800.0,-185.0
19,28,Sunday,Rainy,no,460,5.0,0,0.0,4.5,172,602.0,35.1
20,1,Monday,Cloudy,no,1500,4.5,0,0.0,4.0,182,546.0,42.3
20,2,Tuesday,Cloudy,yes,1318,4.0,0,0.0,5.0,228,912.0,55.6
20,3,Wednesday,Rainy,no,1090,5.0,0,0.0,5.0,150,600.0,45.0
20,4,Thursday,Sunny,yes,940,5.0,0,0.0,5.0,180,720.0,51.0
20,5,Friday,Sunny,yes,760,5.0,0,0.0,5.0,180,720.0,51.0
20,6,Saturday,Cloudy,no,580,5.0,0,0.0,4.5,202,707.0,-148.65
20,7,Sunday,Rainy,yes,378,4.5,0,0.0,5.5,218,981.0,49.05
20,8,Monday,Rainy,yes,1500,5.5,0,0.0,5.0,201,804.0,55.2
20,9,Tuesday,Rainy,yes,1299,5.0,0,0.0,5.0,200,800.0,55.0
20,10,Wednesday,Cloudy,no,1099,5.0,0,0.0,5.0,180,720.0,51.0
20,11,Thursday,Rainy,no,919,5.0,0,0.0,4.5,152,532.0,41.6
20,12,Friday,Rainy,yes,767,4.5,0,0.0,5.0,199,796.0,49.8
20,13,Saturday,Sunny,no,568,5.0,0,0.0,4.5,151,528.5,-177.075
20,14,Sunday,Sunny,no,417,4.5,0,0.0,4.5,150,525.0,31.25
20,15,Monday,Rainy,no,1500,4.5,0,0.0,4.0,151,453.0,37.65
20,16,Tuesday,Rainy,yes,1349,4.0,0,0.0,5.0,199,796.0,49.8
20,17,Wednesday,Sunny,no,1150,5.0,0,0.0,5.0,130,520.0,41.0
20,18,Thursday,Rainy,no,1020,5.0,0,0.0,4.5,151,528.5,31.425
20,19,Friday,Cloudy,yes,869,4.5,0,0.0,5.0,229,916.0,55.8
20,20,Saturday,Cloudy,no,640,5.0,0,0.0,4.5,201,703.5,-179.325
20,21,Sunday,Sunny,yes,439,4.5,0,0.0,5.5,198,891.0,44.55
20,22,Monday,Cloudy,no,1500,5.5,0,0.0,4.0,181,543.0,42.15
20,23,Tuesday,Cloudy,yes,1319,4.0,0,0.0,5.0,228,912.0,55.6
20,24,Wednesday,Rainy,yes,1091,5.0,0,0.0,5.0,200,800.0,55.0
20,25,Thursday,Cloudy,yes,891,5.0,0,0.0,5.0,230,920.0,61.0
20,26,Friday,Sunny,yes,661,5.0,0,0.0,5.0,180,720.0,51.0
20,27,Saturday,Cloudy,no,481,5.0,0,0.0,5.0,200,800.0,-95.5
20,28,Sunday,Sunny,no,281,5.0,0,0.0,4.5,152,532.0,31.6
21,1,Monday,Sunny,no,1500,4.5,0,0.0,4.0,132,396.0,34.8
21,2,Tuesday,Sunny,yes,1368,4.0,0,0.0,5.0,179,716.0,45.8
21,3,Wednesday,Rainy,yes,1189,5.0,0,0.0,5.0,200,800.0,55.0
21,4,Thursday,Sunny,yes,989,5.0,0,0.0,5.0,180,720.0,41.0
21,5,Friday,Rainy,yes,809,5.0,0,0.0,5.0,200,800.0,55.0
21,6,Saturday,Sunny,no,609,5.0,0,0.0,5.0,150,600.0,-194.5
21,7,Sunday,Cloudy,yes,459,5.0,0,0.0,5.5,248,1116.0,55.8
21,8,Monday,Rainy,yes,1500,5.5,0,0.0,5.0,202,808.0,55.4
21,9,Tuesday,Cloudy,no,1298,5.0,0,0.0,5.0,180,720.0,51.0
21,10,Wednesday,Sunny,no,1118,5.0,0,0.0,5.0,130,520.0,41.0
21,11,Thursday,Sunny,no,988,5.0,0,0.0,4.0,131,393.0,24.65
21,12,Friday,Sunny,no,857,4.0,0,0.0,4.5,128,448.0,32.4
21,13,Saturday,Rainy,no,729,4.5,0,0.0,4.5,170,595.0,-244.75
21,14,Sunday,Cloudy,yes,559,4.5,0,0.0,4.5,250,875.0,48.75
21,15,Monday,Rainy,yes,1500,4.5,0,0.0,5.0,199,796.0,49.8
21,16,Tuesday,Rainy,no,1301,5.0,0,0.0,5.0,150,600.0,45.0
21,17,Wednesday,Rainy,no,1151,5.0,0,0.0,5.0,150,600.0,45.0
21,18,Thursday,Cloudy,no,1001,5.0,0,0.0,4.5,181,633.5,36.675
21,19,Friday,Sunny,yes,820,4.5,0,0.0,5.0,178,712.0,45.6
21,20,Saturday,Rainy,no,642,5.0,0,0.0,4.5,171,598.5,-200.575
21,21,Sunday,Cloudy,yes,471,4.5,0,0.0,5.5,248,1116.0,55.8
21,22,Monday,Cloudy,no,1500,5.5,0,0.0,4.0,181,543.0,42.15
21,23,Tuesday,Rainy,yes,1319,4.0,0,0.0,5.0,199,796.0,49.8
21,24,Wednesday,Cloudy,no,1120,5.0,0,0.0,5.0,180,720.0,51.0
21,25,Thursday,Sunny,no,940,5.0,0,0.0,5.0,130,520.0,31.0
21,26,Friday,Rainy,no,810,5.0,0,0.0,4.5,152,532.0,41.6
21,27,Saturday,Sunny,no,658,4.5,0,0.0,4.5,150,525.0,-222.75
21,28,Sunday,Rainy,yes,508,4.5,0,0.0,5.5,218,981.0,49.05
22,1,Monday,Rainy,no,1500,4.5,0,0.0,4.0,152,456.0,37.8
22,2,Tuesday,Sunny,no,1348,4.0,0,0.0,5.0,128,512.0,35.6
22,3,Wednesday,Cloudy,no,1220,5.0,0,0.0,4.0,182,546.0,42.3
22,4,Thursday,Rainy,no,1038,4.0,0,0.0,4.0,150,450.0,27.5
22,5,Friday,Rainy,no,888,4.0,0,0.0,4.5,148,518.0,35.9
22,6,Saturday,Rainy,yes,740,4.5,0,0.0,5.0,219,876.0,-216.7
22,7,Sunday,Rainy,no,521,5.0,0,0.0,4.5,171,598.5,34.925
22,8,Monday,Sunny,yes,1500,4.5,0,0.0,5.0,179,716.0,45.8
22,9,Tuesday,Rainy,yes,1321,5.0,0,0.0,5.0,200,800.0,55.0
22,10,Wednesday,Sunny,yes,1121,5.0,0,0.0,5.0,180,720.0,51.0
22,11,Thursday,Rainy,yes,941,5.0,0,0.0,5.0,200,800.0,55.0
22,12,Friday,Cloudy,no,741,5.0,0,0.0,5.0,180,720.0,51.0
22,13,Saturday,Sunny,yes,561,5.0,0,0.0,4.5,201,703.5,-139.825
22,14,Sunday,Rainy,yes,360,4.5,0,0.0,5.5,218,981.0,49.05
22,15,Monday,Rainy,yes,1500,5.5,0,0.0,5.0,201,804.0,55.2
22,16,Tuesday,Cloudy,no,1299,5.0,0,0.0,5.0,180,720.0,51.0
22,17,Wednesday,Cloudy,yes,1119,5.0,0,0.0,5.0,230,920.0,61.0
22,18,Thursday,Rainy,no,889,5.0,0,0.0,4.5,152,532.0,41.6
22,19,Friday,Cloudy,no,737,4.5,0,0.0,5.0,179,716.0,45.8
22,20,Saturday,Sunny,no,558,5.0,0,0.0,4.5,152,532.0,-171.4
22,21,Sunday,Sunny,no,406,4.5,0,0.0,4.5,150,525.0,31.25
22,22,Monday,Sunny,no,1500,4.5,0,0.0,4.0,131,393.0,34.65
22,23,Tuesday,Sunny,yes,1369,4.0,0,0.0,5.0,179,716.0,45.8
22,24,Wednesday,Cloudy,no,1190,5.0,0,0.0,4.0,182,546.0,42.3
22,25,Thursday,Sunny,yes,1008,4.0,0,0.0,5.0,179,716.0,35.8
22,26,Friday,Cloudy,no,829,5.0,0,0.0,4.5,181,633.5,46.675
22,27,Saturday,Sunny,yes,648,4.5,0,0.0,5.0,199,796.0,-184.7
22,28,Sunday,Rainy,yes,449,5.0,0,0.0,5.5,219,985.5,49.275
23,1,Monday,Cloudy,yes,1500,4.5,0,0.0,5.0,229,916.0,55.8
23,2,Tuesday,Sunny,no,1271,5.0,0,0.0,5.0,130,520.0,41.0
23,3,Wednesday,Cloudy,yes,1141,5.0,0,0.0,5.0,230,920.0,61.0
23,4,Thursday,Rainy,no,911,5.0,0,0.0,4.5,151,528.5,41.425
23,5,Friday,Sunny,yes,760,4.5,0,0.0,5.0,178,712.0,45.6
23,6,Saturday,Rainy,no,582,5.0,0,0.0,4.5,172,602.0,-169.9
23,7,Sunday,Cloudy,yes,410,4.5,0,0.0,5.5,249,1120.5,56.025
23,8,Monday,Sunny,no,1500,5.5,0,0.0,4.0,132,396.0,34.8
23,9,Tuesday,Rainy,no,1368,4.0,0,0.0,5.0,148,592.0,39.6
23,10,Wednesday,Cloudy,no,1220,5.0,0,0.0,4.0,182,546.0,42.3
23,11,Thursday,Cloudy,no,1038,4.0,0,0.0,4.0,180,540.0,32.0
23,12,Friday,Rainy,yes,858,4.0,0,0.0,5.0,199,796.0,49.8
23,13,Saturday,Rainy,yes,659,5.0,0,0.0,5.0,220,880.0,-170.5
23,14,Sunday,Cloudy,no,439,5.0,0,0.0,4.5,201,703.5,40.175
23,15,Monday,Cloudy,no,1500,4.5,0,0.0,4.0,181,543.0,42.15
23,16,Tuesday,Cloudy,yes,1319,4.0,0,0.0,5.0,229,916.0,55.8
23,17,Wednesday,Sunny,no,1090,5.0,0,0.0,5.0,130,520.0,41.0
23,18,Thursday,Sunny,no,960,5.0,0,0.0,5.0,130,520.0,31.0
23,19,Friday,Rainy,no,830,5.0,0,0.0,4.5,151,528.5,41.425
23,20,Saturday,Cloudy,yes,679,4.5,0,0.0,5.0,248,992.0,-165.9
23,21,Sunday,Sunny,no,431,5.0,0,0.0,4.5,152,532.0,31.6
23,22,Monday,Cloudy,yes,1500,4.5,0,0.0,5.0,228,912.0,55.6
23,23,Tuesday,Rainy,no,1272,5.0,0,0.0,5.0,150,600.0,45.0
23,24,Wednesday,Rainy,no,1122,5.0,0,0.0,5.0,150,600.0,45.0
23,25,Thursday,Rainy,yes,972,5.0,0,0.0,5.0,200,800.0,55.0
23,26,Friday,Sunny,yes,772,5.0,0,0.0,5.0,180,720.0,51.0
23,27,Saturday,Rainy,no,592,5.0,0,0.0,4.5,172,602.0,-174.9
23,28,Sunday,Sunny,no,420,4.5,0,0.0,4.5,150,525.0,31.25
24,1,Monday,Rainy,no,1500,4.5,0,0.0,4.0,152,456.0,37.8
24,2,Tuesday,Rainy,yes,1348,4.0,0,0.0,5.0,198,792.0,49.6
24,3,Wednesday,Cloudy,yes,1150,5.0,0,0.0,5.0,230,920.0,61.0
24,4,Thursday,Cloudy,yes,920,5.0,0,0.0,5.0,230,920.0,61.0
24,5,Friday,Sunny,yes,690,5.0,0,0.0,5.0,180,720.0,51.0
24,6,Saturday,Rainy,yes,510,5.0,0,0.0,5.0,220,880.0,-96.0
24,7,Sunday,Rainy,no,290,5.0,0,0.0,5.0,170,680.0,39.0
24,8,Monday,Cloudy,no,1500,5.0,0,0.0,4.0,182,546.0,42.3
24,9,Tuesday,Cloudy,no,1318,4.0,0,0.0,5.0,178,712.0,45.6
24,10,Wednesday,Cloudy,no,1140,5.0,0,0.0,5.0,180,720.0,51.0
24,11,Thursday,Rainy,no,960,5.0,0,0.0,4.5,151,528.5,31.425
24,12,Friday,Cloudy,yes,809,4.5,0,0.0,5.0,228,912.0,55.6
24,13,Saturday,Rainy,no,581,5.0,0,0.0,4.5,172,602.0,-169.4
24,14,Sunday,Rainy,yes,409,4.5,0,0.0,5.5,219,985.5,49.275
24,15,Monday,Cloudy,yes,1500,5.5,0,0.0,5.0,232,928.0,61.4
24,16,Tuesday,Rainy,no,1268,5.0,0,0.0,5.0,150,600.0,45.0
24,17,Wednesday,Cloudy,no,1118,5.0,0,0.0,5.0,180,720.0,51.0
24,18,Thursday,Sunny,no,938,5.0,0,0.0,5.0,130,520.0,31.0
24,19,Friday,Sunny,no,808,5.0,0,0.0,4.5,131,458.5,37.925
24,20,Saturday,Rainy,no,677,4.5,0,0.0,4.5,170,595.0,-218.75
24,21,Sunday,Sunny,yes,507,4.5,0,0.0,5.5,199,895.5,44.775
24,22,Monday,Sunny,yes,1500,5.5,0,0.0,5.0,182,728.0,51.4
24,23,Tuesday,Rainy,yes,1318,5.0,0,0.0,5.0,200,800.0,55.0
24,24,Wednesday,Rainy,no,1118,5.0,0,0.0,5.0,150,600.0,45.0
24,25,Thursday,Rainy,no,968,5.0,0,0.0,4.5,151,528.5,31.425
24,26,Friday,Sunny,yes,817,4.5,0,0.0,5.0,178,712.0,45.6
24,27,Saturday,Cloudy,no,639,5.0,0,0.0,4.5,201,703.5,-178.825
24,28,Sunday,Sunny,no,438,4.5,0,0.0,4.5,150,525.0,31.25
25,1,Monday,Cloudy,no,1500,4.5,0,0.0,4.0,182,546.0,42.3
25,2,Tuesday,Cloudy,yes,1318,4.0,0,0.0,5.0,228,912.0,55.6
25,3,Wednesday,Cloudy,yes,1090,5.0,0,0.0,5.0,230,920.0,61.0
25,4,Thursday,Cloudy,no,860,5.0,0,0.0,5.0,180,720.0,51.0
25,5,Friday,Rainy,no,680,5.0,0,0.0,5.0,150,600.0,45.0
25,6,Saturday,Cloudy,yes,530,5.0,0,0.0,5.0,250,1000.0,-85.0
25,7,Sunday,Cloudy,yes,280,5.0,0,0.0,5.5,248,1116.0,55.8
25,8,Monday,Cloudy,no,1500,5.5,0,0.0,4.0,181,543.0,42.15
25,9,Tuesday,Sunny,yes,1319,4.0,0,0.0,5.0,179,716.0,45.8
25,10,Wednesday,Sunny,no,1140,5.0,0,0.0,5.0,130,520.0,41.0
25,11,Thursday,Cloudy,yes,1010,5.0,0,0.0,5.0,230,920.0,61.0
25,12,Friday,Rainy,no,780,5.0,0,0.0,4.5,151,528.5,41.425
25,13,Saturday,Sunny,yes,629,4.5,0,0.0,5.0,199,796.0,-175.2
25,14,Sunday,Sunny,no,430,5.0,0,0.0,4.5,152,532.0,31.6
25,15,Monday,Cloudy,yes,1500,4.5,0,0.0,5.0,229,916.0,55.8
25,16,Tuesday,Cloudy,yes,1271,5.0,0,0.0,5.0,230,920.0,61.0
25,17,Wednesday,Cloudy,no,1041,5.0,0,0.0,5.0,180,720.0,51.0
25,18,Thursday,Rainy,no,861,5.0,0,0.0,4.5,152,532.0,41.6
25,19,Friday,Rainy,yes,709,4.5,0,0.0,5.0,199,796.0,49.8
25,20,Saturday,Rainy,yes,510,5.0,0,0.0,5.0,220,880.0,-96.0
25,21,Sunday,Rainy,yes,290,5.0,0,0.0,5.5,219,985.5,49.275
25,22,Monday,Sunny,no,1500,5.5,0,0.0,4.0,132,396.0,34.8
25,23,Tuesday,Sunny,yes,1368,4.0,0,0.0,5.0,178,712.0,45.6
25,24,Wednesday,Cloudy,no,1190,5.0,0,0.0,4.0,182,546.0,42.3
25,25,Thursday,Rainy,no,1008,4.0,0,0.0,4.0,150,450.0,27.5
25,26,Friday,Rainy,yes,858,4.0,0,0.0,5.0,198,792.0,49.6
25,27,Saturday,Cloudy,yes,660,5.0,0,0.0,5.0,250,1000.0,-150.0
25,28,Sunday,Rainy,no,410,5.0,0,0.0,4.5,171,598.5,34.925
26,1,Monday,Rainy,yes,1500,4.5,0,0.0,5.0,198,792.0,49.6
26,2,Tuesday,Sunny,yes,1302,5.0,0,0.0,5.0,180,720.0,51.0
26,3,Wednesday,Rainy,no,1122,5.0,0,0.0,5.0,150,600.0,45.0
26,4,Thursday,Sunny,yes,972,5.0,0,0.0,5.0,180,720.0,51.0
26,5,Friday,Cloudy,no,792,5.0,0,0.0,4.5,182,637.0,46.85
26,6,Saturday,Sunny,yes,610,4.5,0,0.0,5.0,198,792.0,-166.4
26,7,Sunday,Cloudy,yes,412,5.0,0,0.0,5.5,248,1116.0,55.8
26,8,Monday,Sunny,yes,1500,5.5,0,0.0,5.0,181,724.0,51.2
26,9,Tuesday,Sunny,no,1319,5.0,0,0.0,5.0,130,520.0,41.0
26,10,Wednesday,Sunny,yes,1189,5.0,0,0.0,5.0,180,720.0,51.0
26,11,Thursday,Sunny,yes,1009,5.0,0,0.0,5.0,180,720.0,41.0
26,12,Friday,Rainy,yes,829,5.0,0,0.0,5.0,200,800.0,55.0
26,13,Saturday,Sunny,yes,629,5.0,0,0.0,5.0,200,800.0,-169.5
26,14,Sunday,Sunny,no,429,5.0,0,0.0,4.5,151,528.5,31.425
26,15,Monday,Cloudy,yes,1500,4.5,0,0.0,5.0,228,912.0,55.6
26,16,Tuesday,Sunny,yes,1272,5.0,0,0.0,5.0,180,720.0,51.0
26,17,Wednesday,Rainy,yes,1092,5.0,0,0.0,5.0,200,800.0,55.0
26,18,Thursday,Rainy,no,892,5.0,0,0.0,4.5,152,532.0,41.6
26,19,Friday,Rainy,no,740,4.5,0,0.0,5.0,148,592.0,39.6
26,20,Saturday,Cloudy,no,592,5.0,0,0.0,4.5,202,707.0,-154.65
26,21,Sunday,Sunny,no,390,4.5,0,0.0,4.5,150,525.0,31.25
26,22,Monday,Sunny,no,1500,4.5,0,0.0,4.0,131,393.0,34.65
26,23,Tuesday,Cloudy,no,1369,4.0,0,0.0,5.0,179,716.0,45.8
26,24,Wednesday,Rainy,no,1190,5.0,0,0.0,4.0,152,456.0,37.8
26,25,Thursday,Cloudy,yes,1038,4.0,0,0.0,5.0,228,912.0,45.6
26,26,Friday,Cloudy,yes,810,5.0,0,0.0,5.0,230,920.0,61.0
26,27,Saturday,Sunny,no,580,5.0,0,0.0,4.5,151,528.5,-183.075
26,28,Sunday,Rainy,yes,429,4.5,0,0.0,5.5,218,981.0,49.05
27,1,Monday,Rainy,no,1500,4.5,0,0.0,4.0,151,453.0,37.65
27,2,Tuesday,Cloudy,no,1349,4.0,0,0.0,5.0,179,716.0,45.8
27,3,Wednesday,Rainy,no,1170,5.0,0,0.0,5.0,150,600.0,45.0
27,4,Thursday,Cloudy,no,1020,5.0,0,0.0,4.0,181,543.0,32.15
27,5,Friday,Rainy,no,839,4.0,0,0.0,4.5,149,521.5,36.075
27,6,Saturday,Rainy,no,690,4.5,0,0.0,4.5,170,595.0,-225.25
27,7,Sunday,Rainy,yes,520,4.5,0,0.0,5.5,219,985.5,49.275
27,8,Monday,Rainy,yes,1500,5.5,0,0.0,5.0,201,804.0,55.2
27,9,Tuesday,Rainy,yes,1299,5.0,0,0.0,5.0,200,800.0,55.0
27,10,Wednesday,Cloudy,no,1099,5.0,0,0.0,5.0,180,720.0,51.0
27,11,Thursday,Sunny,no,919,5.0,0,0.0,5.0,130,520.0,41.0
27,12,Friday,Sunny,no,789,5.0,0,0.0,4.5,132,462.0,38.1
27,13,Saturday,Sunny,yes,657,4.5,0,0.0,5.0,199,796.0,-189.2
27,14,Sunday,Sunny,no,458,5.0,0,0.0,4.5,151,528.5,31.425
27,15,Monday,Cloudy,yes,1500,4.5,0,0.0,5.0,229,916.0,55.8
27,16,Tuesday,Rainy,no,1271,5.0,0,0.0,5.0,150,600.0,45.0
27,17,Wednesday,Sunny,yes,1121,5.0,0,0.0,5.0,180,720.0,51.0
27,18,Thursday,Rainy,yes,941,5.0,0,0.0,5.0,200,800.0,55.0
27,19,Friday,Rainy,no,741,5.0,0,0.0,5.0,150,600.0,45.0
27,20,Saturday,Sunny,no,591,5.0,0,0.0,4.5,151,528.5,-188.575
27,21,Sunday,Cloudy,no,440,4.5,0,0.0,4.5,200,700.0,40.0
27,22,Monday,Sunny,yes,1500,4.5,0,0.0,5.0,178,712.0,45.6
27,23,Tuesday,Rainy,yes,1322,5.0,0,0.0,5.0,200,800.0,55.0
27,24,Wednesday,Sunny,no,1122,5.0,0,0.0,5.0,130,520.0,41.0
27,25,Thursday,Sunny,yes,992,5.0,0,0.0,5.0,180,720.0,41.0
27,26,Friday,Sunny,no,812,5.0,0,0.0,4.5,132,462.0,38.1
27,27,Saturday,Cloudy,yes,680,4.5,0,0.0,5.0,249,996.0,-165.7
27,28,Sunday,Cloudy,yes,431,5.0,0,0.0,5.5,248,1116.0,55.8
28,1,Monday,Cloudy,yes,1500,4.5,0,0.0,5.0,228,912.0,55.6
28,2,Tuesday,Sunny,no,1272,5.0,0,0.0,5.0,130,520.0,41.0
28,3,Wednesday,Sunny,yes,1142,5.0,0,0.0,5.0,180,720.0,51.0
28,4,Thursday,Sunny,no,962,5.0,0,0.0,5.0,130,520.0,31.0
28,5,Friday,Rainy,yes,832,5.0,0,0.0,5.0,200,800.0,55.0
28,6,Saturday,Sunny,no,632,5.0,0,0.0,4.5,151,528.5,-209.075
28,7,Sunday,Cloudy,yes,481,4.5,0,0.0,5.5,248,1116.0,55.8
28,8,Monday,Rainy,no,1500,5.5,0,0.0,4.0,151,453.0,37.65
28,9,Tuesday,Sunny,yes,1349,4.0,0,0.0,5.0,179,716.0,45.8
28,10,Wednesday,Cloudy,yes,1170,5.0,0,0.0,5.0,230,920.0,61.0
28,11,Thursday,Sunny,yes,940,5.0,0,0.0,5.0,180,720.0,51.0
28,12,Friday,Rainy,no,760,5.0,0,0.0,4.5,151,528.5,41.425
28,13,Saturday,Rainy,no,609,4.5,0,0.0,5.0,168,672.0,-186.9
28,14,Sunday,Cloudy,no,441,5.0,0,0.0,4.5,202,707.0,40.35
28,15,Monday,Sunny,yes,1500,4.5,0,0.0,5.0,178,712.0,45.6
28,16,Tuesday,Rainy,no,1322,5.0,0,0.0,5.0,150,600.0,45.0
28,17,Wednesday,Rainy,yes,1172,5.0,0,0.0,5.0,200,800.0,55.0
28,18,Thursday,Sunny,yes,972,5.0,0,0.0,5.0,180,720.0,51.0
28,19,Friday,Cloudy,no,792,5.0,0,0.0,4.5,182,637.0,46.85
28,20,Saturday,Cloudy,yes,610,4.5,0,0.0,5.0,249,996.0,-130.7
28,21,Sunday,Rainy,no,361,5.0,0,0.0,4.5,172,602.0,35.1
28,22,Monday,Cloudy,no,1500,4.5,0,0.0,4.0,181,543.0,42.15
28,23,Tuesday,Sunny,yes,1319,4.0,0,0.0,5.0,179,716.0,45.8
28,24,Wednesday,Rainy,yes,1140,5.0,0,0.0,5.0,200,800.0,55.0
28,25,Thursday,Rainy,no,940,5.0,0,0.0,4.5,152,532.0,41.6
28,26,Friday,Cloudy,no,788,4.5,0,0.0,4.5,180,630.0,46.5
28,27,Saturday,Sunny,no,608,4.5,0,0.0,5.0,148,592.0,-200.4
28,28,Sunday,Sunny,no,460,5.0,0,0.0,4.5,151,528.5,31.425
29,1,Monday,Rainy,no,1500,4.5,0,0.0,4.0,152,456.0,37.8
29,2,Tuesday,Cloudy,no,1348,4.0,0,0.0,5.0,179,716.0,45.8
29,3,Wednesday,Sunny,no,1169,5.0,0,0.0,5.0,130,520.0,41.0
29,4,Thursday,Cloudy,yes,1039,5.0,0,0.0,5.0,230,920.0,51.0
29,5,Friday,Rainy,yes,809,5.0,0,0.0,5.0,200,800.0,55.0
29,6,Saturday,Sunny,no,609,5.0,0,0.0,5.0,150,600.0,-194.5
29,7,Sunday,Rainy,no,459,5.0,0,0.0,4.5,172,602.0,35.1
29,8,Monday,Sunny,yes,1500,4.5,0,0.0,5.0,178,712.0,45.6
29,9,Tuesday,Rainy,yes,1322,5.0,0,0.0,5.0,200,800.0,55.0
29,10,Wednesday,Sunny,yes,1122,5.0,0,0.0,5.0,180,720.0,51.0
29,11,Thursday,Sunny,no,942,5.0,0,0.0,5.0,130,520.0,31.0
29,12,Friday,Sunny,yes,812,5.0,0,0.0,5.0,180,720.0,51.0
29,13,Saturday,Rainy,no,632,5.0,0,0.0,4.5,172,602.0,-194.9
29,14,Sunday,Sunny,no,460,4.5,0,0.0,4.5,150,525.0,31.25
29,15,Monday,Sunny,no,1500,4.5,0,0.0,4.0,132,396.0,34.8
29,16,Tuesday,Rainy,yes,1368,4.0,0,0.0,5.0,198,792.0,49.6
29,17,Wednesday,Sunny,yes,1170,5.0,0,0.0,5.0,180,720.0,51.0
29,18,Thursday,Rainy,yes,990,5.0,0,0.0,5.0,200,800.0,55.0
29,19,Friday,Cloudy,no,790,5.0,0,0.0,4.5,181,633.5,46.675
29,20,Saturday,Rainy,yes,609,4.5,0,0.0,5.0,218,872.0,-151.9
29,21,Sunday,Sunny,yes,391,5.0,0,0.0,5.5,198,891.0,44.55
29,22,Monday,Sunny,yes,1500,5.5,0,0.0,5.0,181,724.0,51.2
29,23,Tuesday,Cloudy,no,1319,5.0,0,0.0,5.0,180,720.0,51.0
29,24,Wednesday,Sunny,yes,1139,5.0,0,0.0,5.0,180,720.0,51.0
29,25,Thursday,Cloudy,yes,959,5.0,0,0.0,5.0,230,920.0,61.0
29,26,Friday,Cloudy,yes,729,5.0,0,0.0,5.0,230,920.0,61.0
29,27,Saturday,Sunny,yes,499,5.0,0,0.0,5.0,200,800.0,-104.5
29,28,Sunday,Rainy,no,299,5.0,0,0.0,5.0,170,680.0,39.0
30,1,Monday,Sunny,no,1500,4.5,0,0.0,4.0,132,396.0,34.8
30,2,Tuesday,Sunny,no,1368,4.0,0,0.0,5.0,129,516.0,35.8
30,3,Wednesday,Rainy,yes,1239,5.0,0,0.0,5.0,200,800.0,55.0
30,4,Thursday,Cloudy,no,1039,5.0,0,0.0,4.0,182,546.0,32.3
30,5,Friday,Rainy,no,857,4.0,0,0.0,4.5,149,521.5,36.075
30,6,Saturday,Cloudy,no,708,4.5,0,0.0,4.5,200,700.0,-214.0
30,7,Sunday,Cloudy,no,508,4.5,0,0.0,4.5,200,700.0,40.0
30,8,Monday,Cloudy,yes,1500,4.5,0,0.0,5.0,228,912.0,55.6
30,9,Tuesday,Cloudy,no,1272,5.0,0,0.0,5.0,180,720.0,51.0
30,10,Wednesday,Rainy,yes,1092,5.0,0,0.0,5.0,200,800.0,55.0
30,11,Thursday,Cloudy,yes,892,5.0,0,0.0,5.0,230,920.0,61.0
30,12,Friday,Cloudy,yes,662,5.0,0,0.0,5.0,230,920.0,61.0
30,13,Saturday,Cloudy,no,432,5.0,0,0.0,5.0,200,800.0,-71.0
30,14,Sunday,Rainy,yes,232,5.0,0,0.0,5.0,220,880.0,49.0
30,15,Monday,Sunny,no,1500,5.0,0,0.0,4.0,131,393.0,34.65
30,16,Tuesday,Cloudy,yes,1369,4.0,0,0.0,5.0,228,912.0,55.6
30,17,Wednesday,Rainy,yes,1141,5.0,0,0.0,5.0,200,800.0,55.0
30,18,Thursday,Sunny,no,941,5.0,0,0.0,5.0,130,520.0,31.0
30,19,Friday,Cloudy,no,811,5.0,0,0.0,4.5,182,637.0,46.85
30,20,Saturday,Sunny,yes,629,4.5,0,0.0,5.0,198,792.0,-175.9
30,21,Sunday,Rainy,yes,431,5.0,0,0.0,5.5,219,985.5,49.275
30,22,Monday,Rainy,no,1500,5.5,0,0.0,4.0,152,456.0,37.8
30,23,Tuesday,Rainy,yes,1348,4.0,0,0.0,5.0,199,796.0,49.8
30,24,Wednesday,Cloudy,no,1149,5.0,0,0.0,5.0,180,720.0,51.0
30,25,Thursday,Cloudy,yes,969,5.0,0,0.0,5.0,230,920.0,61.0
30,26,Friday,Cloudy,yes,739,5.0,0,0.0,5.0,230,920.0,61.0
30,27,Saturday,Sunny,no,509,5.0,0,0.0,4.5,152,532.0,-146.9
30,28,Sunday,Sunny,no,357,4.5,0,0.0,4.5,150,525.0,31.25
31,1,Monday,Sunny,no,1500,4.5,0,0.0,4.0,131,393.0,34.65
31,2,Tuesday,Sunny,yes,1369,4.0,0,0.0,5.0,178,712.0,45.6
31,3,Wednesday,Cloudy,yes,1191,5.0,0,0.0,5.0,230,920.0,61.0
31,4,Thursday,Rainy,yes,961,5.0,0,0.0,5.0,200,800.0,55.0
31,5,Friday,Sunny,no,761,5.0,0,0.0,4.5,131,458.5,37.925
31,6,Saturday,Sunny,no,630,4.5,0,0.0,4.5,150,525.0,-208.75
31,7,Sunday,Rainy,yes,480,4.5,0,0.0,5.5,218,981.0,49.05
31,8,Monday,Cloudy,yes,1500,5.5,0,0.0,5.0,231,924.0,61.2
31,9,Tuesday,Sunny,no,1269,5.0,0,0.0,5.0,130,520.0,41.0
31,10,Wednesday,Sunny,no,1139,5.0,0,0.0,5.0,130,520.0,41.0
31,11,Thursday,Rainy,no,1009,5.0,0,0.0,4.5,152,532.0,31.6
31,12,Friday,Cloudy,yes,857,4.5,0,0.0,5.0,229,916.0,55.8
31,13,Saturday,Cloudy,no,628,5.0,0,0.0,4.5,202,707.0,-172.65
31,14,Sunday,Cloudy,no,426,4.5,0,0.0,4.5,200,700.0,40.0
31,15,Monday,Rainy,no,1500,4.5,0,0.0,4.0,152,456.0,37.8
31,16,Tuesday,Sunny,yes,1348,4.0,0,0.0,5.0,178,712.0,45.6
31,17,Wednesday,Sunny,no,1170,5.0,0,0.0,5.0,130,520.0,41.0
31,18,Thursday,Sunny,no,1040,5.0,0,0.0,4.0,131,393.0,24.65
31,19,Friday,Sunny,no,909,4.0,0,0.0,4.5,128,448.0,32.4
31,20,Saturday,Sunny,yes,781,4.5,0,0.0,5.0,199,796.0,-251.2
31,21,Sunday,Cloudy,no,582,5.0,0,0.0,5.5,199,895.5,44.775
31,22,Monday,Cloudy,yes,1500,5.5,0,0.0,5.0,232,928.0,61.4
31,23,Tuesday,Cloudy,yes,1268,5.0,0,0.0,5.0,230,920.0,61.0
31,24,Wednesday,Sunny,yes,1038,5.0,0,0.0,5.0,180,720.0,51.0
31,25,Thursday,Sunny,no,858,5.0,0,0.0,5.0,130,520.0,41.0
31,26,Friday,Rainy,no,728,5.0,0,0.0,5.0,150,600.0,45.0
31,27,Saturday,Rainy,yes,578,5.0,0,0.0,5.0,220,880.0,-130.0
31,28,Sunday,Rainy,no,358,5.0,0,0.0,4.5,172,602.0,35.1
32,1,Monday,Rainy,no,1500,4.5,0,0.0,4.0,152,456.0,37.8
32,2,Tuesday,Sunny,yes,1348,4.0,0,0.0,5.0,178,712.0,45.6
32,3,Wednesday,Cloudy,yes,1170,5.0,0,0.0,5.0,230,920.0,61.0
32,4,Thursday,Rainy,no,940,5.0,0,0.0,4.5,151,528.5,41.425
32,5,Friday,Rainy,yes,789,4.5,0,0.0,5.0,199,796.0,49.8
32,6,Saturday,Cloudy,no,590,5.0,0,0.0,4.5,202,707.0,-153.65
32,7,Sunday,Sunny,no,388,4.5,0,0.0,4.5,150,525.0,31.25
32,8,Monday,Cloudy,yes,1500,4.5,0,0.0,5.0,229,916.0,55.8
32,9,Tuesday,Cloudy,yes,1271,5.0,0,0.0,5.0,230,920.0,61.0
32,10,Wednesday,Rainy,no,1041,5.0,0,0.0,5.0,150,600.0,45.0
32,11,Thursday,Sunny,yes,891,5.0,0,0.0,5.0,180,720.0,51.0
32,12,Friday,Cloudy,no,711,5.0,0,0.0,5.0,180,720.0,51.0
32,13,Saturday,Sunny,yes,531,5.0,0,0.0,5.0,200,800.0,-120.5
32,14,Sunday,Sunny,no,331,5.0,0,0.0,4.5,151,528.5,31.425
32,15,Monday,Cloudy,yes,1500,4.5,0,0.0,5.0,228,912.0,55.6
32,16,Tuesday,Sunny,yes,1272,5.0,0,0.0,5.0,180,720.0,51.0
32,17,Wednesday,Cloudy,yes,1092,5.0,0,0.0,5.0,230,920.0,61.0
32,18,Thursday,Cloudy,no,862,5.0,0,0.0,5.0,180,720.0,51.0
32,19,Friday,Cloudy,no,682,5.0,0,0.0,5.0,180,720.0,51.0
32,20,Saturday,Sunny,yes,502,5.0,0,0.0,5.0,200,800.0,-106.0
32,21,Sunday,Cloudy,no,302,5.0,0,0.0,4.5,201,703.5,40.175
32,22,Monday,Sunny,yes,1500,4.5,0,0.0,5.0,179,716.0,45.8
32,23,Tuesday,Sunny,yes,1321,5.0,0,0.0,5.0,180,720.0,51.0
32,24,Wednesday,Sunny,no,1141,5.0,0,0.0,5.0,130,520.0,41.0
32,25,Thursday,Rainy,yes,1011,5.0,0,0.0,5.0,200,800.0,45.0
32,26,Friday,Rainy,no,811,5.0,0,0.0,4.5,152,532.0,41.6
32,27,Saturday,Cloudy,no,659,4.5,0,0.0,4.5,200,700.0,-189.5
32,28,Sunday,Cloudy,yes,459,4.5,0,0.0,5.5,249,1120.5,56.025
33,1,Monday,Sunny,yes,1500,4.5,0,0.0,5.0,179,716.0,45.8
33,2,Tuesday,Sunny,no,1321,5.0,0,0.0,5.0,130,520.0,41.0
33,3,Wednesday,Cloudy,no,1191,5.0,0,0.0,4.0,181,543.0,42.15
33,4,Thursday,Cloudy,yes,1010,4.0,0,0.0,5.0,228,912.0,55.6
33,5,Friday,Rainy,yes,782,5.0,0,0.0,5.0,200,800.0,55.0
33,6,Saturday,Sunny,yes,582,5.0,0,0.0,4.5,201,703.5,-150.325
33,7,Sunday,Cloudy,yes,381,4.5,0,0.0,5.5,249,1120.5,56.025
33,8,Monday,Sunny,no,1500,5.5,0,0.0,4.0,131,393.0,34.65
33,9,Tuesday,Cloudy,no,1369,4.0,0,0.0,5.0,178,712.0,45.6
33,10,Wednesday,Cloudy,yes,1191,5.0,0,0.0,5.0,230,920.0,61.0
33,11,Thursday,Cloudy,yes,961,5.0,0,0.0,5.0,230,920.0,61.0
33,12,Friday,Cloudy,no,731,5.0,0,0.0,5.0,180,720.0,51.0
33,13,Saturday,Cloudy,yes,551,5.0,0,0.0,5.0,250,1000.0,-95.5
33,14,Sunday,Rainy,no,301,5.0,0,0.0,5.0,170,680.0,39.0
33,15,Monday,Sunny,no,1500,5.0,0,0.0,4.0,132,396.0,34.8
33,16,Tuesday,Rainy,yes,1368,4.0,0,0.0,5.0,199,796.0,49.8
33,17,Wednesday,Sunny,yes,1169,5.0,0,0.0,5.0,180,720.0,51.0
33,18,Thursday,Rainy,no,989,5.0,0,0.0,4.5,152,532.0,31.6
33,19,Friday,Rainy,yes,837,4.5,0,0.0,5.0,199,796.0,49.8
33,20,Saturday,Cloudy,yes,638,5.0,0,0.0,5.0,250,1000.0,-139.0
33,21,Sunday,Sunny,no,388,5.0,0,0.0,4.5,152,532.0,31.6
33,22,Monday,Sunny,no,1500,4.5,0,0.0,4.0,131,393.0,34.65
33,23,Tuesday,Cloudy,no,1369,4.0,0,0.0,5.0,178,712.0,45.6
33,24,Wednesday,Cloudy,yes,1191,5.0,0,0.0,5.0,230,920.0,61.0
33,25,Thursday,Rainy,yes,961,5.0,0,0.0,5.0,200,800.0,55.0
33,26,Friday,Cloudy,yes,761,5.0,0,0.0,5.0,230,920.0,61.0
33,27,Saturday,Cloudy,yes,531,5.0,0,0.0,5.0,250,1000.0,-85.5
33,28,Sunday,Cloudy,yes,281,5.0,0,0.0,5.5,248,1116.0,55.8
34,1,Monday,Cloudy,yes,1500,4.5,0,0.0,5.0,229,916.0,55.8
34,2,Tuesday,Cloudy,no,1271,5.0,0,0.0,5.0,180,720.0,51.0
34,3,Wednesday,Sunny,no,1091,5.0,0,0.0,5.0,130,520.0,41.0
34,4,Thursday,Cloudy,no,961,5.0,0,0.0,4.5,181,633.5,46.675
34,5,Friday,Sunny,yes,780,4.5,0,0.0,5.0,178,712.0,45.6
34,6,Saturday,Sunny,no,602,5.0,0,0.0,5.0,150,600.0,-191.0
34,7,Sunday,Sunny,yes,452,5.0,0,0.0,5.5,199,895.5,44.775
34,8,Monday,Sunny,no,1500,5.5,0,0.0,4.0,132,396.0,34.8
34,9,Tuesday,Rainy,yes,1368,4.0,0,0.0,5.0,199,796.0,49.8
34,10,Wednesday,Rainy,yes,1169,5.0,0,0.0,5.0,200,800.0,55.0
34,11,Thursday,Cloudy,no,969,5.0,0,0.0,4.5,182,637.0,46.85
34,12,Friday,Cloudy,no,787,4.5,0,0.0,4.5,180,630.0,46.5
34,13,Saturday,Sunny,no,607,4.5,0,0.0,5.0,149,596.0,-199.2
34,14,Sunday,Cloudy,no,458,5.0,0,0.0,4.5,201,703.5,40.175
34,15,Monday,Sunny,no,1500,4.5,0,0.0,4.0,131,393.0,34.65
34,16,Tuesday,Cloudy,yes,1369,4.0,0,0.0,5.0,229,916.0,55.8
34,17,Wednesday,Cloudy,yes,1140,5.0,0,0.0,5.0,230,920.0,61.0
34,18,Thursday,Cloudy,no,910,5.0,0,0.0,4.5,181,633.5,46.675
34,19,Friday,Sunny,no,729,4.5,0,0.0,4.5,130,455.0,37.75
34,20,Saturday,Rainy,yes,599,4.5,0,0.0,5.0,219,876.0,-146.2
34,21,Sunday,Sunny,yes,380,5.0,0,0.0,5.5,199,895.5,44.775
34,22,Monday,Sunny,no,1500,5.5,0,0.0,4.0,131,393.0,34.65
34,23,Tuesday,Sunny,yes,1369,4.0,0,0.0,5.0,178,712.0,45.6
34,24,Wednesday,Cloudy,yes,1191,5.0,0,0.0,5.0,230,920.0,61.0
34,25,Thursday,Sunny,no,961,5.0,0,0.0,5.0,130,520.0,31.0
34,26,Friday,Rainy,yes,831,5.0,0,0.0,5.0,200,800.0,55.0
34,27,Saturday,Sunny,no,631,5.0,0,0.0,4.5,151,528.5,-208.575
34,28,Sunday,Sunny,yes,480,4.5,0,0.0,5.5,199,895.5,44.775
35,1,Monday,Cloudy,yes,1500,4.5,0,0.0,5.0,228,912.0,55.6
35,2,Tuesday,Rainy,yes,1272,5.0,0,0.0,5.0,200,800.0,55.0
35,3,Wednesday,Sunny,yes,1072,5.0,0,0.0,5.0,180,720.0,51.0
35,4,Thursday,Cloudy,yes,892,5.0,0,0.0,5.0,230,920.0,61.0
35,5,Friday,Rainy,yes,662,5.0,0,0.0,5.0,200,800.0,55.0
35,6,Saturday,Rainy,no,462,5.0,0,0.0,5.0,170,680.0,-107.0
35,7,Sunday,Cloudy,no,292,5.0,0,0.0,4.5,202,707.0,40.35
35,8,Monday,Rainy,no,1500,4.5,0,0.0,4.0,152,456.0,37.8
35,9,Tuesday,Cloudy,yes,1348,4.0,0,0.0,5.0,229,916.0,55.8
35,10,Wednesday,Sunny,no,1119,5.0,0,0.0,5.0,130,520.0,41.0
35,11,Thursday,Cloudy,yes,989,5.0,0,0.0,5.0,230,920.0,61.0
35,12,Friday,Sunny,yes,759,5.0,0,0.0,5.0,180,720.0,51.0
35,13,Saturday,Sunny,no,579,5.0,0,0.0,4.5,152,532.0,-181.9
35,14,Sunday,Cloudy,yes,427,4.5,0,0.0,5.5,249,1120.5,56.025
35,15,Monday,Sunny,yes,1500,5.5,0,0.0,5.0,181,724.0,51.2
35,16,Tuesday,Cloudy,yes,1319,5.0,0,0.0,5.0,230,920.0,61.0
35,17,Wednesday,Cloudy,no,1089,5.0,0,0.0,5.0,180,720.0,51.0
35,18,Thursday,Rainy,yes,909,5.0,0,0.0,5.0,200,800.0,55.0
35,19,Friday,Sunny,yes,709,5.0,0,0.0,5.0,180,720.0,51.0
35,20,Saturday,Cloudy,yes,529,5.0,0,0.0,5.0,250,1000.0,-84.5
35,21,Sunday,Sunny,yes,279,5.0,0,0.0,5.5,199,895.5,44.775
35,22,Monday,Sunny,no,1500,5.5,0,0.0,4.0,132,396.0,34.8
35,23,Tuesday,Sunny,no,1368,4.0,0,0.0,5.0,129,516.0,35.8
35,24,Wednesday,Cloudy,yes,1239,5.0,0,0.0,5.0,230,920.0,61.0
35,25,Thursday,Cloudy,yes,1009,5.0,0,0.0,5.0,230,920.0,61.0
35,26,Friday,Rainy,no,779,5.0,0,0.0,4.5,151,528.5,41.425
35,27,Saturday,Cloudy,no,628,4.5,0,0.0,4.5,200,700.0,-174.0
35,28,Sunday,Cloudy,yes,428,4.5,0,0.0,5.5,249,1120.5,56.025
36,1,Monday,Cloudy,no,1500,4.5,0,0.0,4.0,182,546.0,42.3
36,2,Tuesday,Cloudy,no,1318,4.0,0,0.0,5.0,179,716.0,45.8
36,3,Wednesday,Rainy,yes,1139,5.0,0,0.0,5.0,200,800.0,55.0
36,4,Thursday,Cloudy,yes,939,5.0,0,0.0,5.0,230,920.0,61.0
36,5,Friday,Rainy,no,709,5.0,0,0.0,5.0,150,600.0,45.0
36,6,Saturday,Sunny,no,559,5.0,0,0.0,4.5,152,532.0,-171.9
36,7,Sunday,Cloudy,yes,407,4.5,0,0.0,5.5,248,1116.0,55.8
36,8,Monday,Rainy,no,1500,5.5,0,0.0,4.0,151,453.0,37.65
36,9,Tuesday,Sunny,yes,1349,4.0,0,0.0,5.0,179,716.0,45.8
36,10,Wednesday,Sunny,no,1170,5.0,0,0.0,5.0,130,520.0,41.0
36,11,Thursday,Cloudy,no,1040,5.0,0,0.0,4.0,181,543.0,32.15
36,12,Friday,Sunny,no,859,4.0,0,0.0,4.5,128,448.0,32.4
36,13,Saturday,Cloudy,no,731,4.5,0,0.0,4.5,200,700.0,-225.5
36,14,Sunday,Cloudy,no,531,4.5,0,0.0,4.5,200,700.0,40.0
36,15,Monday,Rainy,no,1500,4.5,0,0.0,4.0,151,453.0,37.65
36,16,Tuesday,Rainy,yes,1349,4.0,0,0.0,5.0,199,796.0,49.8
36,17,Wednesday,Sunny,yes,1150,5.0,0,0.0,5.0,180,720.0,51.0
36,18,Thursday,Sunny,no,970,5.0,0,0.0,5.0,130,520.0,31.0
36,19,Friday,Sunny,yes,840,5.0,0,0.0,5.0,180,720.0,51.0
36,20,Saturday,Cloudy,yes,660,5.0,0,0.0,5.0,250,1000.0,-150.0
36,21,Sunday,Cloudy,yes,410,5.0,0,0.0,5.5,248,1116.0,55.8
36,22,Monday,Cloudy,yes,1500,5.5,0,0.0,5.0,231,924.0,61.2
36,23,Tuesday,Rainy,no,1269,5.0,0,0.0,5.0,150,600.0,45.0
36,24,Wednesday,Sunny,no,1119,5.0,0,0.0,5.0,130,520.0,41.0
36,25,Thursday,Sunny,no,989,5.0,0,0.0,4.0,132,396.0,24.8
36,26,Friday,Rainy,yes,857,4.0,0,0.0,5.0,199,796.0,49.8
36,27,Saturday,Cloudy,yes,658,5.0,0,0.0,5.0,250,1000.0,-149.0
36,28,Sunday,Rainy,yes,408,5.0,0,0.0,5.5,219,985.5,49.275
37,1,Monday,Rainy,no,1500,4.5,0,0.0,4.0,151,453.0,37.65
37,2,Tuesday,Sunny,no,1349,4.0,0,0.0,5.0,129,516.0,35.8
37,3,Wednesday,Sunny,yes,1220,5.0,0,0.0,5.0,180,720.0,51.0
37,4,Thursday,Rainy,no,1040,5.0,0,0.0,4.0,152,456.0,27.8
37,5,Friday,Rainy,no,888,4.0,0,0.0,4.5,148,518.0,35.9
37,6,Saturday,Rainy,yes,740,4.5,0,0.0,5.0,219,876.0,-216.7
37,7,Sunday,Rainy,yes,521,5.0,0,0.0,5.5,218,981.0,49.05
37,8,Monday,Sunny,yes,1500,5.5,0,0.0,5.0,182,728.0,51.4
37,9,Tuesday,Sunny,no,1318,5.0,0,0.0,5.0,130,520.0,41.0
37,10,Wednesday,Cloudy,no,1188,5.0,0,0.0,4.0,181,543.0,42.15
37,11,Thursday,Sunny,yes,1007,4.0,0,0.0,5.0,179,716.0,35.8
37,12,Friday,Cloudy,yes,828,5.0,0,0.0,5.0,230,920.0,61.0
37,13,Saturday,Sunny,no,598,5.0,0,0.0,5.0,150,600.0,-189.0
37,14,Sunday,Cloudy,yes,448,5.0,0,0.0,5.5,249,1120.5,56.025
37,15,Monday,Sunny,no,1500,5.5,0,0.0,4.0,132,396.0,34.8
37,16,Tuesday,Sunny,yes,1368,4.0,0,0.0,5.0,179,716.0,45.8
37,17,Wednesday,Cloudy,yes,1189,5.0,0,0.0,5.0,230,920.0,61.0
37,18,Thursday,Rainy,no,959,5.0,0,0.0,4.5,151,528.5,31.425
37,19,Friday,Cloudy,no,808,4.5,0,0.0,4.5,180,630.0,46.5
37,20,Saturday,Sunny,yes,628,4.5,0,0.0,5.0,198,792.0,-175.4
37,21,Sunday,Cloudy,no,430,5.0,0,0.0,4.5,201,703.5,40.175
37,22,Monday,Rainy,yes,1500,4.5,0,0.0,5.0,198,792.0,49.6
37,23,Tuesday,Rainy,yes,1302,5.0,0,0.0,5.0,200,800.0,55.0
37,24,Wednesday,Cloudy,yes,1102,5.0,0,0.0,5.0,230,920.0,61.0
37,25,Thursday,Sunny,no,872,5.0,0,0.0,5.0,130,520.0,41.0
37,26,Friday,Rainy,no,742,5.0,0,0.0,5.0,150,600.0,45.0
37,27,Saturday,Sunny,yes,592,5.0,0,0.0,5.0,200,800.0,-151.0
37,28,Sunday,Rainy,no,392,5.0,0,0.0,4.5,171,598.5,34.925
38,1,Monday,Sunny,yes,1500,4.5,0,0.0,5.0,178,712.0,45.6
38,2,Tuesday,Sunny,yes,1322,5.0,0,0.0,5.0,180,720.0,51.0
38,3,Wednesday,Cloudy,yes,1142,5.0,0,0.0,5.0,230,920.0,61.0
38,4,Thursday,Sunny,no,912,5.0,0,0.0,5.0,130,520.0,41.0
38,5,Friday,Cloudy,yes,782,5.0,0,0.0,5.0,230,920.0,61.0
38,6,Saturday,Sunny,no,552,5.0,0,0.0,4.5,152,532.0,-168.4
38,7,Sunday,Cloudy,no,400,4.5,0,0.0,4.5,200,700.0,40.0
38,8,Monday,Rainy,yes,1500,4.5,0,0.0,5.0,199,796.0,49.8
38,9,Tuesday,Cloudy,yes,1301,5.0,0,0.0,5.0,230,920.0,61.0
38,10,Wednesday,Cloudy,no,1071,5.0,0,0.0,5.0,180,720.0,51.0
38,11,Thursday,Cloudy,yes,891,5.0,0,0.0,5.0,230,920.0,61.0
38,12,Friday,Rainy,yes,661,5.0,0,0.0,5.0,200,800.0,55.0
38,13,Saturday,Rainy,yes,461,5.0,0,0.0,5.0,220,880.0,-71.5
38,14,Sunday,Cloudy,no,241,5.0,0,0.0,5.0,200,800.0,45.0
38,15,Monday,Cloudy,yes,1500,5.0,0,0.0,5.0,230,920.0,61.0
38,16,Tuesday,Rainy,no,1270,5.0,0,0.0,5.0,150,600.0,45.0
38,17,Wednesday,Cloudy,no,1120,5.0,0,0.0,5.0,180,720.0,51.0
38,18,Thursday,Cloudy,no,940,5.0,0,0.0,4.5,181,633.5,46.675
38,19,Friday,Sunny,yes,759,4.5,0,0.0,5.0,178,712.0,45.6
38,20,Saturday,Rainy,no,581,5.0,0,0.0,4.5,171,598.5,-170.075
38,21,Sunday,Sunny,no,410,4.5,0,0.0,4.5,150,525.0,31.25
38,22,Monday,Cloudy,no,1500,4.5,0,0.0,4.0,182,546.0,42.3
38,23,Tuesday,Rainy,yes,1318,4.0,0,0.0,5.0,198,792.0,49.6
38,24,Wednesday,Rainy,no,1120,5.0,0,0.0,5.0,150,600.0,45.0
38,25,Thursday,Sunny,no,970,5.0,0,0.0,5.0,130,520.0,31.0
38,26,Friday,Cloudy,no,840,5.0,0,0.0,4.5,182,637.0,46.85
38,27,Saturday,Rainy,no,658,4.5,0,0.0,4.5,170,595.0,-209.25
38,28,Sunday,Rainy,no,488,4.5,0,0.0,4.5,170,595.0,34.75
39,1,Monday,Cloudy,no,1500,4.5,0,0.0,4.0,182,546.0,42.3
39,2,Tuesday,Cloudy,yes,1318,4.0,0,0.0,5.0,228,912.0,55.6
39,3,Wednesday,Sunny,yes,1090,5.0,0,0.0,5.0,180,720.0,51.0
39,4,Thursday,Rainy,no,910,5.0,0,0.0,4.5,152,532.0,41.6
39,5,Friday,Rainy,no,758,4.5,0,0.0,4.5,150,525.0,41.25
39,6,Saturday,Rainy,no,608,4.5,0,0.0,5.0,169,676.0,-185.7
39,7,Sunday,Rainy,no,439,5.0,0,0.0,4.5,171,598.5,34.925
39,8,Monday,Cloudy,yes,1500,4.5,0,0.0,5.0,228,912.0,55.6
39,9,Tuesday,Rainy,yes,1272,5.0,0,0.0,5.0,200,800.0,55.0
39,10,Wednesday,Rainy,no,1072,5.0,0,0.0,5.0,150,600.0,45.0
39,11,Thursday,Cloudy,no,922,5.0,0,0.0,4.5,182,637.0,46.85
39,12,Friday,Cloudy,no,740,4.5,0,0.0,5.0,178,712.0,45.6
39,13,Saturday,Cloudy,yes,562,5.0,0,0.0,5.0,250,1000.0,-101.0
39,14,Sunday,Sunny,no,312,5.0,0,0.0,4.5,152,532.0,31.6
39,15,Monday,Cloudy,yes,1500,4.5,0,0.0,5.0,229,916.0,55.8
39,16,Tuesday,Cloudy,no,1271,5.0,0,0.0,5.0,180,720.0,51.0
39,17,Wednesday,Sunny,yes,1091,5.0,0,0.0,5.0,180,720.0,51.0
39,18,Thursday,Sunny,no,911,5.0,0,0.0,5.0,130,520.0,41.0
39,19,Friday,Cloudy,yes,781,5.0,0,0.0,5.0,230,920.0,61.0
39,20,Saturday,Cloudy,yes,551,5.0,0,0.0,5.0,250,1000.0,-95.5
39,21,Sunday,Rainy,yes,301,5.0,0,0.0,5.5,218,981.0,49.05
39,22,Monday,Cloudy,no,1500,5.5,0,0.0,4.0,181,543.0,42.15
39,23,Tuesday,Rainy,no,1319,4.0,0,0.0,5.0,148,592.0,39.6
39,24,Wednesday,Rainy,no,1171,5.0,0,0.0,5.0,150,600.0,45.0
39,25,Thursday,Cloudy,yes,1021,5.0,0,0.0,5.0,230,920.0,61.0
39,26,Friday,Cloudy,yes,791,5.0,0,0.0,5.0,230,920.0,61.0
39,27,Saturday,Cloudy,yes,561,5.0,0,0.0,5.0,250,1000.0,-100.5
39,28,Sunday,Cloudy,yes,311,5.0,0,0.0,5.0,250,1000.0,55.0
40,1,Monday,Rainy,yes,1500,4.5,0,0.0,5.0,199,796.0,49.8
40,2,Tuesday,Rainy,no,1301,5.0,0,0.0,5.0,150,600.0,45.0
40,3,Wednesday,Rainy,yes,1151,5.0,0,0.0,5.0,200,800.0,55.0
40,4,Thursday,Cloudy,yes,951,5.0,0,0.0,5.0,230,920.0,61.0
40,5,Friday,Rainy,no,721,5.0,0,0.0,5.0,150,600.0,45.0
40,6,Saturday,Rainy,yes,571,5.0,0,0.0,5.0,220,880.0,-126.5
40,7,Sunday,Sunny,yes,351,5.0,0,0.0,5.5,199,895.5,44.775
40,8,Monday,Rainy,yes,1500,5.5,0,0.0,5.0,202,808.0,55.4
40,9,Tuesday,Sunny,yes,1298,5.0,0,0.0,5.0,180,720.0,51.0
40,10,Wednesday,Rainy,yes,1118,5.0,0,0.0,5.0,200,800.0,55.0
40,11,Thursday,Sunny,yes,918,5.0,0,0.0,5.0,180,720.0,51.0
40,12,Friday,Sunny,yes,738,5.0,0,0.0,5.0,180,720.0,51.0
40,13,Saturday,Sunny,no,558,5.0,0,0.0,4.5,151,528.5,-172.075
40,14,Sunday,Cloudy,no,407,4.5,0,0.0,4.5,200,700.0,40.0
40,15,Monday,Rainy,yes,1500,4.5,0,0.0,5.0,199,796.0,49.8
40,16,Tuesday,Cloudy,yes,1301,5.0,0,0.0,5.0,230,920.0,61.0
40,17,Wednesday,Cloudy,no,1071,5.0,0,0.0,5.0,180,720.0,51.0
40,18,Thursday,Cloudy,yes,891,5.0,0,0.0,5.0,230,920.0,61.0
40,19,Friday,Rainy,yes,661,5.0,0,0.0,5.0,200,800.0,55.0
40,20,Saturday,Cloudy,yes,461,5.0,0,0.0,5.0,250,1000.0,-50.5
40,21,Sunday,Cloudy,yes,211,5.0,0,0.0,5.0,211,844.0,47.2
40,22,Monday,Cloudy,yes,1500,5.0,0,0.0,5.0,230,920.0,61.0
40,23,Tuesday,Sunny,no,1270,5.0,0,0.0,5.0,130,520.0,41.0
40,24,Wednesday,Sunny,no,1140,5.0,0,0.0,5.0,130,520.0,41.0
40,25,Thursday,Cloudy,yes,1010,5.0,0,0.0,5.0,230,920.0,61.0
40,26,Friday,Rainy,yes,780,5.0,0,0.0,5.0,200,800.0,55.0
40,27,Saturday,Sunny,yes,580,5.0,0,0.0,4.5,202,707.0,-148.65
40,28,Sunday,Rainy,no,378,4.5,0,0.0,4.5,170,595.0,34.75
